,filepath,filename,LangOrInstru,VoiOrNot,startPoint,endPoint,FSkhz,expdur,maxsil,totalLengCur,corpus,mat_filename,speaker/artist,gender
0,data/speechCorp/TIMIT/TRAIN/DR7/FMAH1/SI879.WAV,SI879,English-US,1,1,64000,16,4,0.132625,4,TIMIT,STM_output/MATs/speech_mat_wl4_TIMIT/SI879_MS2024.mat,TIMIT_FMAH1,F
1,data/speechCorp/TIMIT/TRAIN/DR6/FLAG0/SI1464.WAV,SI1464,English-US,1,1,64000,16,4,0.1384375,4,TIMIT,STM_output/MATs/speech_mat_wl4_TIMIT/SI1464_MS2024.mat,TIMIT_FLAG0,F
2,data/speechCorp/TIMIT/TRAIN/DR2/MDLB0/SI1306.WAV,SI1306,English-US,1,1,64000,16,4,0.3885,4,TIMIT,STM_output/MATs/speech_mat_wl4_TIMIT/SI1306_MS2024.mat,TIMIT_MDLB0,M
3,data/speechCorp/TIMIT/TRAIN/DR2/MKAH0/SX178.WAV,SX178,English-US,1,1,64000,16,4,0.3796875,4,TIMIT,STM_output/MATs/speech_mat_wl4_TIMIT/SX178_MS2024.mat,TIMIT_MKAH0,M
4,data/speechCorp/TIMIT/TRAIN/DR4/MLJC0/SI1225.WAV,SI1225,English-US,1,1,64000,16,4,0.279375,4,TIMIT,STM_output/MATs/speech_mat_wl4_TIMIT/SI1225_MS2024.mat,TIMIT_MLJC0,M
5,data/speechCorp/TIMIT/TRAIN/DR4/MLJH0/SX244.WAV,SX244,English-US,1,1,64000,16,4,0.140125,4,TIMIT,STM_output/MATs/speech_mat_wl4_TIMIT/SX244_MS2024.mat,TIMIT_MLJH0,M
6,data/speechCorp/TIMIT/TRAIN/DR5/MRKM0/SX367.WAV,SX367,English-US,1,1,64000,16,4,0.4426875,4,TIMIT,STM_output/MATs/speech_mat_wl4_TIMIT/SX367_MS2024.mat,TIMIT_MRKM0,M
7,data/speechCorp/TIMIT/TRAIN/DR5/MJDM0/SX350.WAV,SX350,English-US,1,1,64000,16,4,0.134875,4,TIMIT,STM_output/MATs/speech_mat_wl4_TIMIT/SX350_MS2024.mat,TIMIT_MJDM0,M
8,data/speechCorp/TIMIT/TRAIN/DR5/FMPG0/SX432.WAV,SX432,English-US,1,1,64000,16,4,0.1988125,4,TIMIT,STM_output/MATs/speech_mat_wl4_TIMIT/SX432_MS2024.mat,TIMIT_FMPG0,F
9,data/speechCorp/TIMIT/TRAIN/DR6/MSVS0/SI938.WAV,SI938,English-US,1,1,64000,16,4,0.1479375,4,TIMIT,STM_output/MATs/speech_mat_wl4_TIMIT/SI938_MS2024.mat,TIMIT_MSVS0,M
10,data/speechCorp/TIMIT/TRAIN/DR6/MSVS0/SX398.WAV,SX398,English-US,1,1,64000,16,4,0.1521875,4,TIMIT,STM_output/MATs/speech_mat_wl4_TIMIT/SX398_MS2024.mat,TIMIT_MSVS0,M
11,data/speechCorp/TIMIT/TRAIN/DR4/FLKM0/SI620.WAV,SI620,English-US,1,1,64000,16,4,0.1734375,4,TIMIT,STM_output/MATs/speech_mat_wl4_TIMIT/SI620_MS2024.mat,TIMIT_FLKM0,F
12,data/speechCorp/TIMIT/TRAIN/DR4/MJRH0/SI1840.WAV,SI1840,English-US,1,1,64000,16,4,0.439625,4,TIMIT,STM_output/MATs/speech_mat_wl4_TIMIT/SI1840_MS2024.mat,TIMIT_MJRH0,M
13,data/speechCorp/TIMIT/TRAIN/DR3/MKXL0/SI1815.WAV,SI1815,English-US,1,1,64000,16,4,0.1393125,4,TIMIT,STM_output/MATs/speech_mat_wl4_TIMIT/SI1815_MS2024.mat,TIMIT_MKXL0,M
14,data/speechCorp/TIMIT/TRAIN/DR1/MTJS0/SI1822.WAV,SI1822,English-US,1,1,64000,16,4,0.2114375,4,TIMIT,STM_output/MATs/speech_mat_wl4_TIMIT/SI1822_MS2024.mat,TIMIT_MTJS0,M
15,data/speechCorp/TIMIT/TRAIN/DR1/MPGH0/SI675.WAV,SI675,English-US,1,1,64000,16,4,0.384125,4,TIMIT,STM_output/MATs/speech_mat_wl4_TIMIT/SI675_MS2024.mat,TIMIT_MPGH0,M
16,data/speechCorp/TIMIT/TRAIN/DR5/MMDM1/SX153.WAV,SX153,English-US,1,1,64000,16,4,0.532375,4,TIMIT,STM_output/MATs/speech_mat_wl4_TIMIT/SX153_MS2024.mat,TIMIT_MMDM1,M
17,data/speechCorp/TIMIT/TRAIN/DR8/MRDM0/SI1044.WAV,SI1044,English-US,1,1,64000,16,4,0.17075,4,TIMIT,STM_output/MATs/speech_mat_wl4_TIMIT/SI1044_MS2024.mat,TIMIT_MRDM0,M
18,data/speechCorp/TIMIT/TRAIN/DR4/MLBC0/SI1239.WAV,SI1239,English-US,1,1,64000,16,4,0.145375,4,TIMIT,STM_output/MATs/speech_mat_wl4_TIMIT/SI1239_MS2024.mat,TIMIT_MLBC0,M
19,data/speechCorp/TIMIT/TRAIN/DR4/MJLS0/SI1726.WAV,SI1726,English-US,1,1,64000,16,4,0.299875,4,TIMIT,STM_output/MATs/speech_mat_wl4_TIMIT/SI1726_MS2024.mat,TIMIT_MJLS0,M
20,data/speechCorp/TIMIT/TRAIN/DR4/MSTF0/SI852.WAV,SI852,English-US,1,1,64000,16,4,0.17975,4,TIMIT,STM_output/MATs/speech_mat_wl4_TIMIT/SI852_MS2024.mat,TIMIT_MSTF0,M
21,data/speechCorp/TIMIT/TRAIN/DR6/MSMR0/SI1150.WAV,SI1150,English-US,1,1,64000,16,4,0.61475,4,TIMIT,STM_output/MATs/speech_mat_wl4_TIMIT/SI1150_MS2024.mat,TIMIT_MSMR0,M
22,data/speechCorp/TIMIT/TRAIN/DR2/MCTM0/SI1980.WAV,SI1980,English-US,1,1,64000,16,4,0.3273125,4,TIMIT,STM_output/MATs/speech_mat_wl4_TIMIT/SI1980_MS2024.mat,TIMIT_MCTM0,M
23,data/speechCorp/TIMIT/TRAIN/DR3/MDNS0/SI1011.WAV,SI1011,English-US,1,1,64000,16,4,0.20125,4,TIMIT,STM_output/MATs/speech_mat_wl4_TIMIT/SI1011_MS2024.mat,TIMIT_MDNS0,M
24,data/speechCorp/TIMIT/TRAIN/DR3/MMSM0/SI476.WAV,SI476,English-US,1,1,64000,16,4,0.2158125,4,TIMIT,STM_output/MATs/speech_mat_wl4_TIMIT/SI476_MS2024.mat,TIMIT_MMSM0,M
25,data/speechCorp/TIMIT/TRAIN/DR7/MNTW0/SI1698.WAV,SI1698,English-US,1,1,64000,16,4,0.3325,4,TIMIT,STM_output/MATs/speech_mat_wl4_TIMIT/SI1698_MS2024.mat,TIMIT_MNTW0,M
26,data/speechCorp/TIMIT/TRAIN/DR1/MTJS0/SI562.WAV,SI562,English-US,1,1,64000,16,4,0.2355625,4,TIMIT,STM_output/MATs/speech_mat_wl4_TIMIT/SI562_MS2024.mat,TIMIT_MTJS0,M
27,data/speechCorp/TIMIT/TRAIN/DR3/MAPV0/SI1293.WAV,SI1293,English-US,1,1,64000,16,4,0.14125,4,TIMIT,STM_output/MATs/speech_mat_wl4_TIMIT/SI1293_MS2024.mat,TIMIT_MAPV0,M
28,data/speechCorp/TIMIT/TRAIN/DR7/MDLR1/SI669.WAV,SI669,English-US,1,1,64000,16,4,0.1044375,4,TIMIT,STM_output/MATs/speech_mat_wl4_TIMIT/SI669_MS2024.mat,TIMIT_MDLR1,M
29,data/speechCorp/TIMIT/TRAIN/DR4/MRFL0/SI526.WAV,SI526,English-US,1,1,64000,16,4,0.1369375,4,TIMIT,STM_output/MATs/speech_mat_wl4_TIMIT/SI526_MS2024.mat,TIMIT_MRFL0,M
30,data/speechCorp/TIMIT/TRAIN/DR7/MREM0/SI511.WAV,SI511,English-US,1,1,64000,16,4,0.1463125,4,TIMIT,STM_output/MATs/speech_mat_wl4_TIMIT/SI511_MS2024.mat,TIMIT_MREM0,M
31,data/speechCorp/TIMIT/TRAIN/DR1/MKLS0/SI2067.WAV,SI2067,English-US,1,1,64000,16,4,0.4668125,4,TIMIT,STM_output/MATs/speech_mat_wl4_TIMIT/SI2067_MS2024.mat,TIMIT_MKLS0,M
32,data/speechCorp/TIMIT/TRAIN/DR3/MGAF0/SI1282.WAV,SI1282,English-US,1,1,64000,16,4,0.1891875,4,TIMIT,STM_output/MATs/speech_mat_wl4_TIMIT/SI1282_MS2024.mat,TIMIT_MGAF0,M
33,data/speechCorp/TIMIT/TRAIN/DR6/FJDM2/SA1.WAV,SA1,English-US,1,1,64000,16,4,0.2738125,4,TIMIT,STM_output/MATs/speech_mat_wl4_TIMIT/SA1_MS2024.mat,TIMIT_FJDM2,F
34,data/speechCorp/TIMIT/TRAIN/DR3/MREE0/SI1959.WAV,SI1959,English-US,1,1,64000,16,4,0.1895,4,TIMIT,STM_output/MATs/speech_mat_wl4_TIMIT/SI1959_MS2024.mat,TIMIT_MREE0,M
35,data/speechCorp/TIMIT/TRAIN/DR5/MDWH0/SX395.WAV,SX395,English-US,1,1,64000,16,4,0.2885,4,TIMIT,STM_output/MATs/speech_mat_wl4_TIMIT/SX395_MS2024.mat,TIMIT_MDWH0,M
36,data/speechCorp/TIMIT/TRAIN/DR4/MPRK0/SI467.WAV,SI467,English-US,1,1,64000,16,4,0.19775,4,TIMIT,STM_output/MATs/speech_mat_wl4_TIMIT/SI467_MS2024.mat,TIMIT_MPRK0,M
37,data/speechCorp/TIMIT/TRAIN/DR3/MDEF0/SI1123.WAV,SI1123,English-US,1,1,64000,16,4,0.3254375,4,TIMIT,STM_output/MATs/speech_mat_wl4_TIMIT/SI1123_MS2024.mat,TIMIT_MDEF0,M
38,data/speechCorp/TIMIT/TRAIN/DR2/FTMG0/SI902.WAV,SI902,English-US,1,1,64000,16,4,0.1816875,4,TIMIT,STM_output/MATs/speech_mat_wl4_TIMIT/SI902_MS2024.mat,TIMIT_FTMG0,F
39,data/speechCorp/TIMIT/TRAIN/DR3/MRJB1/SX120.WAV,SX120,English-US,1,1,64000,16,4,0.227125,4,TIMIT,STM_output/MATs/speech_mat_wl4_TIMIT/SX120_MS2024.mat,TIMIT_MRJB1,M
40,data/speechCorp/TIMIT/TRAIN/DR3/FDJH0/SI935.WAV,SI935,English-US,1,1,64000,16,4,0.1859375,4,TIMIT,STM_output/MATs/speech_mat_wl4_TIMIT/SI935_MS2024.mat,TIMIT_FDJH0,F
41,data/speechCorp/TIMIT/TRAIN/DR7/FKDE0/SI1141.WAV,SI1141,English-US,1,1,64000,16,4,0.13125,4,TIMIT,STM_output/MATs/speech_mat_wl4_TIMIT/SI1141_MS2024.mat,TIMIT_FKDE0,F
42,data/speechCorp/TIMIT/TRAIN/DR5/MGSH0/SI1176.WAV,SI1176,English-US,1,1,64000,16,4,0.17025,4,TIMIT,STM_output/MATs/speech_mat_wl4_TIMIT/SI1176_MS2024.mat,TIMIT_MGSH0,M
43,data/speechCorp/TIMIT/TRAIN/DR7/MBBR0/SI1055.WAV,SI1055,English-US,1,1,64000,16,4,0.2424375,4,TIMIT,STM_output/MATs/speech_mat_wl4_TIMIT/SI1055_MS2024.mat,TIMIT_MBBR0,M
44,data/speechCorp/TIMIT/TRAIN/DR6/FHXS0/SX175.WAV,SX175,English-US,1,1,64000,16,4,0.2094375,4,TIMIT,STM_output/MATs/speech_mat_wl4_TIMIT/SX175_MS2024.mat,TIMIT_FHXS0,F
45,data/speechCorp/TIMIT/TRAIN/DR8/FPLS0/SI960.WAV,SI960,English-US,1,1,64000,16,4,0.2560625,4,TIMIT,STM_output/MATs/speech_mat_wl4_TIMIT/SI960_MS2024.mat,TIMIT_FPLS0,F
46,data/speechCorp/TIMIT/TRAIN/DR8/MBCG0/SI957.WAV,SI957,English-US,1,1,64000,16,4,0.1385625,4,TIMIT,STM_output/MATs/speech_mat_wl4_TIMIT/SI957_MS2024.mat,TIMIT_MBCG0,M
47,data/speechCorp/TIMIT/TRAIN/DR6/FJDM2/SX142.WAV,SX142,English-US,1,1,64000,16,4,0.4085,4,TIMIT,STM_output/MATs/speech_mat_wl4_TIMIT/SX142_MS2024.mat,TIMIT_FJDM2,F
48,data/speechCorp/TIMIT/TRAIN/DR5/MHIT0/SI983.WAV,SI983,English-US,1,1,64000,16,4,0.209125,4,TIMIT,STM_output/MATs/speech_mat_wl4_TIMIT/SI983_MS2024.mat,TIMIT_MHIT0,M
49,data/speechCorp/TIMIT/TRAIN/DR1/MDAC0/SI631.WAV,SI631,English-US,1,1,64000,16,4,0.4839375,4,TIMIT,STM_output/MATs/speech_mat_wl4_TIMIT/SI631_MS2024.mat,TIMIT_MDAC0,M
50,data/speechCorp/TIMIT/TRAIN/DR8/MTCS0/SI712.WAV,SI712,English-US,1,1,64000,16,4,0.2466875,4,TIMIT,STM_output/MATs/speech_mat_wl4_TIMIT/SI712_MS2024.mat,TIMIT_MTCS0,M
51,data/speechCorp/TIMIT/TRAIN/DR7/FREH0/SI1945.WAV,SI1945,English-US,1,1,64000,16,4,0.2800625,4,TIMIT,STM_output/MATs/speech_mat_wl4_TIMIT/SI1945_MS2024.mat,TIMIT_FREH0,F
52,data/speechCorp/TIMIT/TRAIN/DR5/FSAG0/SX423.WAV,SX423,English-US,1,1,64000,16,4,0.1855625,4,TIMIT,STM_output/MATs/speech_mat_wl4_TIMIT/SX423_MS2024.mat,TIMIT_FSAG0,F
53,data/speechCorp/TIMIT/TRAIN/DR4/MLSH0/SI1417.WAV,SI1417,English-US,1,1,64000,16,4,0.137125,4,TIMIT,STM_output/MATs/speech_mat_wl4_TIMIT/SI1417_MS2024.mat,TIMIT_MLSH0,M
54,data/speechCorp/TIMIT/TRAIN/DR7/FJRP1/SX262.WAV,SX262,English-US,1,1,64000,16,4,0.4925625,4,TIMIT,STM_output/MATs/speech_mat_wl4_TIMIT/SX262_MS2024.mat,TIMIT_FJRP1,F
55,data/speechCorp/TIMIT/TRAIN/DR7/MFXV0/SI1342.WAV,SI1342,English-US,1,1,64000,16,4,0.1395,4,TIMIT,STM_output/MATs/speech_mat_wl4_TIMIT/SI1342_MS2024.mat,TIMIT_MFXV0,M
56,data/speechCorp/TIMIT/TRAIN/DR3/MVJH0/SI1556.WAV,SI1556,English-US,1,1,64000,16,4,0.37975,4,TIMIT,STM_output/MATs/speech_mat_wl4_TIMIT/SI1556_MS2024.mat,TIMIT_MVJH0,M
57,data/speechCorp/TIMIT/TRAIN/DR4/MGRP0/SI1317.WAV,SI1317,English-US,1,1,64000,16,4,0.2738125,4,TIMIT,STM_output/MATs/speech_mat_wl4_TIMIT/SI1317_MS2024.mat,TIMIT_MGRP0,M
58,data/speechCorp/TIMIT/TRAIN/DR1/FKFB0/SI1608.WAV,SI1608,English-US,1,1,64000,16,4,0.133875,4,TIMIT,STM_output/MATs/speech_mat_wl4_TIMIT/SI1608_MS2024.mat,TIMIT_FKFB0,F
59,data/speechCorp/TIMIT/TRAIN/DR2/MRJT0/SI868.WAV,SI868,English-US,1,1,64000,16,4,0.1321875,4,TIMIT,STM_output/MATs/speech_mat_wl4_TIMIT/SI868_MS2024.mat,TIMIT_MRJT0,M
60,data/speechCorp/TIMIT/TRAIN/DR7/MFXV0/SI1005.WAV,SI1005,English-US,1,1,64000,16,4,0.15825,4,TIMIT,STM_output/MATs/speech_mat_wl4_TIMIT/SI1005_MS2024.mat,TIMIT_MFXV0,M
61,data/speechCorp/TIMIT/TRAIN/DR2/FDNC0/SI1278.WAV,SI1278,English-US,1,1,64000,16,4,0.231625,4,TIMIT,STM_output/MATs/speech_mat_wl4_TIMIT/SI1278_MS2024.mat,TIMIT_FDNC0,F
62,data/speechCorp/TIMIT/TRAIN/DR4/MTRC0/SI589.WAV,SI589,English-US,1,1,64000,16,4,0.2985625,4,TIMIT,STM_output/MATs/speech_mat_wl4_TIMIT/SI589_MS2024.mat,TIMIT_MTRC0,M
63,data/speechCorp/TIMIT/TRAIN/DR7/FJHK0/SI2282.WAV,SI2282,English-US,1,1,64000,16,4,0.138875,4,TIMIT,STM_output/MATs/speech_mat_wl4_TIMIT/SI2282_MS2024.mat,TIMIT_FJHK0,F
64,data/speechCorp/TIMIT/TRAIN/DR5/MJWG0/SI813.WAV,SI813,English-US,1,1,64000,16,4,0.660125,4,TIMIT,STM_output/MATs/speech_mat_wl4_TIMIT/SI813_MS2024.mat,TIMIT_MJWG0,M
65,data/speechCorp/TIMIT/TRAIN/DR8/MRRE0/SI952.WAV,SI952,English-US,1,1,64000,16,4,0.14975,4,TIMIT,STM_output/MATs/speech_mat_wl4_TIMIT/SI952_MS2024.mat,TIMIT_MRRE0,M
66,data/speechCorp/TIMIT/TRAIN/DR5/MWSH0/SI796.WAV,SI796,English-US,1,1,64000,16,4,0.1691875,4,TIMIT,STM_output/MATs/speech_mat_wl4_TIMIT/SI796_MS2024.mat,TIMIT_MWSH0,M
67,data/speechCorp/TIMIT/TRAIN/DR5/MJDM0/SX170.WAV,SX170,English-US,1,1,64000,16,4,0.1395,4,TIMIT,STM_output/MATs/speech_mat_wl4_TIMIT/SX170_MS2024.mat,TIMIT_MJDM0,M
68,data/speechCorp/TIMIT/TRAIN/DR3/FLAC0/SI1339.WAV,SI1339,English-US,1,1,64000,16,4,0.354875,4,TIMIT,STM_output/MATs/speech_mat_wl4_TIMIT/SI1339_MS2024.mat,TIMIT_FLAC0,F
69,data/speechCorp/TIMIT/TRAIN/DR5/MPMB0/SI871.WAV,SI871,English-US,1,1,64000,16,4,0.683625,4,TIMIT,STM_output/MATs/speech_mat_wl4_TIMIT/SI871_MS2024.mat,TIMIT_MPMB0,M
70,data/speechCorp/TIMIT/TRAIN/DR7/MJAI0/SI682.WAV,SI682,English-US,1,1,64000,16,4,0.2063125,4,TIMIT,STM_output/MATs/speech_mat_wl4_TIMIT/SI682_MS2024.mat,TIMIT_MJAI0,M
71,data/speechCorp/TIMIT/TRAIN/DR5/FPMY0/SI523.WAV,SI523,English-US,1,1,64000,16,4,0.320125,4,TIMIT,STM_output/MATs/speech_mat_wl4_TIMIT/SI523_MS2024.mat,TIMIT_FPMY0,F
72,data/speechCorp/TIMIT/TRAIN/DR5/FSKP0/SI1098.WAV,SI1098,English-US,1,1,64000,16,4,0.3121875,4,TIMIT,STM_output/MATs/speech_mat_wl4_TIMIT/SI1098_MS2024.mat,TIMIT_FSKP0,F
73,data/speechCorp/TIMIT/TRAIN/DR6/MSDS0/SX267.WAV,SX267,English-US,1,1,64000,16,4,0.5393125,4,TIMIT,STM_output/MATs/speech_mat_wl4_TIMIT/SX267_MS2024.mat,TIMIT_MSDS0,M
74,data/speechCorp/TIMIT/TRAIN/DR5/MCHL0/SI1347.WAV,SI1347,English-US,1,1,64000,16,4,0.1445,4,TIMIT,STM_output/MATs/speech_mat_wl4_TIMIT/SI1347_MS2024.mat,TIMIT_MCHL0,M
75,data/speechCorp/TIMIT/TRAIN/DR3/FCKE0/SI481.WAV,SI481,English-US,1,1,64000,16,4,0.210625,4,TIMIT,STM_output/MATs/speech_mat_wl4_TIMIT/SI481_MS2024.mat,TIMIT_FCKE0,F
76,data/speechCorp/TIMIT/TRAIN/DR2/MPPC0/SI1412.WAV,SI1412,English-US,1,1,64000,16,4,0.1614375,4,TIMIT,STM_output/MATs/speech_mat_wl4_TIMIT/SI1412_MS2024.mat,TIMIT_MPPC0,M
77,data/speechCorp/TIMIT/TRAIN/DR6/MCAE0/SI1447.WAV,SI1447,English-US,1,1,64000,16,4,0.166875,4,TIMIT,STM_output/MATs/speech_mat_wl4_TIMIT/SI1447_MS2024.mat,TIMIT_MCAE0,M
78,data/speechCorp/TIMIT/TRAIN/DR3/MRTJ0/SX232.WAV,SX232,English-US,1,1,64000,16,4,0.2440625,4,TIMIT,STM_output/MATs/speech_mat_wl4_TIMIT/SX232_MS2024.mat,TIMIT_MRTJ0,M
79,data/speechCorp/TIMIT/TRAIN/DR5/FSDC0/SI1312.WAV,SI1312,English-US,1,1,64000,16,4,0.140375,4,TIMIT,STM_output/MATs/speech_mat_wl4_TIMIT/SI1312_MS2024.mat,TIMIT_FSDC0,F
80,data/speechCorp/TIMIT/TRAIN/DR5/MGES0/SX311.WAV,SX311,English-US,1,1,64000,16,4,0.4373125,4,TIMIT,STM_output/MATs/speech_mat_wl4_TIMIT/SX311_MS2024.mat,TIMIT_MGES0,M
81,data/speechCorp/TIMIT/TRAIN/DR7/MKAG0/SI979.WAV,SI979,English-US,1,1,64000,16,4,0.26125,4,TIMIT,STM_output/MATs/speech_mat_wl4_TIMIT/SI979_MS2024.mat,TIMIT_MKAG0,M
82,data/speechCorp/TIMIT/TRAIN/DR3/FJLR0/SI1231.WAV,SI1231,English-US,1,1,64000,16,4,0.1508125,4,TIMIT,STM_output/MATs/speech_mat_wl4_TIMIT/SI1231_MS2024.mat,TIMIT_FJLR0,F
83,data/speechCorp/TIMIT/TRAIN/DR1/MRSO0/SI1206.WAV,SI1206,English-US,1,1,64000,16,4,0.344625,4,TIMIT,STM_output/MATs/speech_mat_wl4_TIMIT/SI1206_MS2024.mat,TIMIT_MRSO0,M
84,data/speechCorp/TIMIT/TRAIN/DR6/MTXS0/SI2320.WAV,SI2320,English-US,1,1,64000,16,4,0.1353125,4,TIMIT,STM_output/MATs/speech_mat_wl4_TIMIT/SI2320_MS2024.mat,TIMIT_MTXS0,M
85,data/speechCorp/TIMIT/TRAIN/DR8/FNKL0/SI892.WAV,SI892,English-US,1,1,64000,16,4,0.13325,4,TIMIT,STM_output/MATs/speech_mat_wl4_TIMIT/SI892_MS2024.mat,TIMIT_FNKL0,F
86,data/speechCorp/TIMIT/TRAIN/DR7/FPAC0/SI661.WAV,SI661,English-US,1,1,64000,16,4,0.141125,4,TIMIT,STM_output/MATs/speech_mat_wl4_TIMIT/SI661_MS2024.mat,TIMIT_FPAC0,F
87,data/speechCorp/TIMIT/TRAIN/DR4/MCDR0/SI1784.WAV,SI1784,English-US,1,1,64000,16,4,0.2368125,4,TIMIT,STM_output/MATs/speech_mat_wl4_TIMIT/SI1784_MS2024.mat,TIMIT_MCDR0,M
88,data/speechCorp/TIMIT/TRAIN/DR2/MRAB0/SI1854.WAV,SI1854,English-US,1,1,64000,16,4,0.1805,4,TIMIT,STM_output/MATs/speech_mat_wl4_TIMIT/SI1854_MS2024.mat,TIMIT_MRAB0,M
89,data/speechCorp/TIMIT/TRAIN/DR2/MJRP0/SI1845.WAV,SI1845,English-US,1,1,64000,16,4,0.14925,4,TIMIT,STM_output/MATs/speech_mat_wl4_TIMIT/SI1845_MS2024.mat,TIMIT_MJRP0,M
90,data/speechCorp/TIMIT/TRAIN/DR5/MRAM0/SI1951.WAV,SI1951,English-US,1,1,64000,16,4,0.203625,4,TIMIT,STM_output/MATs/speech_mat_wl4_TIMIT/SI1951_MS2024.mat,TIMIT_MRAM0,M
91,data/speechCorp/TIMIT/TRAIN/DR3/MMAR0/SI1966.WAV,SI1966,English-US,1,1,64000,16,4,0.2383125,4,TIMIT,STM_output/MATs/speech_mat_wl4_TIMIT/SI1966_MS2024.mat,TIMIT_MMAR0,M
92,data/speechCorp/TIMIT/TRAIN/DR5/FGDP0/SX88.WAV,SX88,English-US,1,1,64000,16,4,0.3203125,4,TIMIT,STM_output/MATs/speech_mat_wl4_TIMIT/SX88_MS2024.mat,TIMIT_FGDP0,F
93,data/speechCorp/TIMIT/TRAIN/DR5/FSJG0/SX40.WAV,SX40,English-US,1,1,64000,16,4,0.2489375,4,TIMIT,STM_output/MATs/speech_mat_wl4_TIMIT/SX40_MS2024.mat,TIMIT_FSJG0,F
94,data/speechCorp/TIMIT/TRAIN/DR2/FDAS1/SI1461.WAV,SI1461,English-US,1,1,64000,16,4,0.14,4,TIMIT,STM_output/MATs/speech_mat_wl4_TIMIT/SI1461_MS2024.mat,TIMIT_FDAS1,F
95,data/speechCorp/TIMIT/TRAIN/DR8/MRRE0/SI1334.WAV,SI1334,English-US,1,1,64000,16,4,0.262375,4,TIMIT,STM_output/MATs/speech_mat_wl4_TIMIT/SI1334_MS2024.mat,TIMIT_MRRE0,M
96,data/speechCorp/TIMIT/TRAIN/DR7/MTER0/SX437.WAV,SX437,English-US,1,1,64000,16,4,0.1749375,4,TIMIT,STM_output/MATs/speech_mat_wl4_TIMIT/SX437_MS2024.mat,TIMIT_MTER0,M
97,data/speechCorp/TIMIT/TRAIN/DR5/FSJG0/SX400.WAV,SX400,English-US,1,1,64000,16,4,0.214875,4,TIMIT,STM_output/MATs/speech_mat_wl4_TIMIT/SX400_MS2024.mat,TIMIT_FSJG0,F
98,data/speechCorp/TIMIT/TRAIN/DR4/FSSB0/SX362.WAV,SX362,English-US,1,1,64000,16,4,0.1446875,4,TIMIT,STM_output/MATs/speech_mat_wl4_TIMIT/SX362_MS2024.mat,TIMIT_FSSB0,F
99,data/speechCorp/TIMIT/TRAIN/DR1/FJSP0/SI1434.WAV,SI1434,English-US,1,1,64000,16,4,0.2794375,4,TIMIT,STM_output/MATs/speech_mat_wl4_TIMIT/SI1434_MS2024.mat,TIMIT_FJSP0,F
100,data/speechCorp/TIMIT/TRAIN/DR2/MRGS0/SI1356.WAV,SI1356,English-US,1,1,64000,16,4,0.1894375,4,TIMIT,STM_output/MATs/speech_mat_wl4_TIMIT/SI1356_MS2024.mat,TIMIT_MRGS0,M
101,data/speechCorp/TIMIT/TRAIN/DR2/MJDE0/SI490.WAV,SI490,English-US,1,1,64000,16,4,0.1385,4,TIMIT,STM_output/MATs/speech_mat_wl4_TIMIT/SI490_MS2024.mat,TIMIT_MJDE0,M
102,data/speechCorp/TIMIT/TRAIN/DR5/FDMY0/SI567.WAV,SI567,English-US,1,1,64000,16,4,0.2168125,4,TIMIT,STM_output/MATs/speech_mat_wl4_TIMIT/SI567_MS2024.mat,TIMIT_FDMY0,F
103,data/speechCorp/TIMIT/TRAIN/DR4/MRGM0/SI532.WAV,SI532,English-US,1,1,64000,16,4,0.145375,4,TIMIT,STM_output/MATs/speech_mat_wl4_TIMIT/SI532_MS2024.mat,TIMIT_MRGM0,M
104,data/speechCorp/TIMIT/TRAIN/DR6/MSJK0/SI1596.WAV,SI1596,English-US,1,1,64000,16,4,0.288125,4,TIMIT,STM_output/MATs/speech_mat_wl4_TIMIT/SI1596_MS2024.mat,TIMIT_MSJK0,M
105,data/speechCorp/TIMIT/TRAIN/DR8/MMLM0/SI2150.WAV,SI2150,English-US,1,1,64000,16,4,0.1805,4,TIMIT,STM_output/MATs/speech_mat_wl4_TIMIT/SI2150_MS2024.mat,TIMIT_MMLM0,M
106,data/speechCorp/TIMIT/TRAIN/DR2/MJHI0/SI1328.WAV,SI1328,English-US,1,1,64000,16,4,0.1345625,4,TIMIT,STM_output/MATs/speech_mat_wl4_TIMIT/SI1328_MS2024.mat,TIMIT_MJHI0,M
107,data/speechCorp/TIMIT/TRAIN/DR6/MSVS0/SI2198.WAV,SI2198,English-US,1,1,64000,16,4,0.4996875,4,TIMIT,STM_output/MATs/speech_mat_wl4_TIMIT/SI2198_MS2024.mat,TIMIT_MSVS0,M
108,data/speechCorp/TIMIT/TRAIN/DR7/FMKC0/SI1041.WAV,SI1041,English-US,1,1,64000,16,4,0.14025,4,TIMIT,STM_output/MATs/speech_mat_wl4_TIMIT/SI1041_MS2024.mat,TIMIT_FMKC0,F
109,data/speechCorp/TIMIT/TRAIN/DR5/MWAC0/SX161.WAV,SX161,English-US,1,1,64000,16,4,0.1633125,4,TIMIT,STM_output/MATs/speech_mat_wl4_TIMIT/SX161_MS2024.mat,TIMIT_MWAC0,M
110,data/speechCorp/TIMIT/TRAIN/DR5/MMWB0/SX449.WAV,SX449,English-US,1,1,64000,16,4,0.222875,4,TIMIT,STM_output/MATs/speech_mat_wl4_TIMIT/SX449_MS2024.mat,TIMIT_MMWB0,M
111,data/speechCorp/TIMIT/TRAIN/DR2/MRFK0/SI1076.WAV,SI1076,English-US,1,1,64000,16,4,0.20225,4,TIMIT,STM_output/MATs/speech_mat_wl4_TIMIT/SI1076_MS2024.mat,TIMIT_MRFK0,M
112,data/speechCorp/TIMIT/TRAIN/DR1/MRCG0/SI1428.WAV,SI1428,English-US,1,1,64000,16,4,0.14075,4,TIMIT,STM_output/MATs/speech_mat_wl4_TIMIT/SI1428_MS2024.mat,TIMIT_MRCG0,M
113,data/speechCorp/TIMIT/TRAIN/DR4/FKDW0/SI1891.WAV,SI1891,English-US,1,1,64000,16,4,0.25275,4,TIMIT,STM_output/MATs/speech_mat_wl4_TIMIT/SI1891_MS2024.mat,TIMIT_FKDW0,F
114,data/speechCorp/TIMIT/TRAIN/DR3/MDWM0/SI916.WAV,SI916,English-US,1,1,64000,16,4,0.16,4,TIMIT,STM_output/MATs/speech_mat_wl4_TIMIT/SI916_MS2024.mat,TIMIT_MDWM0,M
115,data/speechCorp/TIMIT/TRAIN/DR2/MEFG0/SI598.WAV,SI598,English-US,1,1,64000,16,4,0.1515625,4,TIMIT,STM_output/MATs/speech_mat_wl4_TIMIT/SI598_MS2024.mat,TIMIT_MEFG0,M
116,data/speechCorp/TIMIT/TRAIN/DR3/FCKE0/SI1741.WAV,SI1741,English-US,1,1,64000,16,4,0.46925,4,TIMIT,STM_output/MATs/speech_mat_wl4_TIMIT/SI1741_MS2024.mat,TIMIT_FCKE0,F
117,data/speechCorp/TIMIT/TRAIN/DR6/FSBK0/SX349.WAV,SX349,English-US,1,1,64000,16,4,0.1415625,4,TIMIT,STM_output/MATs/speech_mat_wl4_TIMIT/SX349_MS2024.mat,TIMIT_FSBK0,F
118,data/speechCorp/TIMIT/TRAIN/DR4/FBMJ0/SI1776.WAV,SI1776,English-US,1,1,64000,16,4,0.1363125,4,TIMIT,STM_output/MATs/speech_mat_wl4_TIMIT/SI1776_MS2024.mat,TIMIT_FBMJ0,F
119,data/speechCorp/TIMIT/TRAIN/DR1/FTBR0/SI921.WAV,SI921,English-US,1,1,64000,16,4,0.136375,4,TIMIT,STM_output/MATs/speech_mat_wl4_TIMIT/SI921_MS2024.mat,TIMIT_FTBR0,F
120,data/speechCorp/TIMIT/TRAIN/DR5/MWSH0/SX166.WAV,SX166,English-US,1,1,64000,16,4,0.143,4,TIMIT,STM_output/MATs/speech_mat_wl4_TIMIT/SX166_MS2024.mat,TIMIT_MWSH0,M
121,data/speechCorp/TIMIT/TRAIN/DR5/MPMB0/SX151.WAV,SX151,English-US,1,1,64000,16,4,0.267625,4,TIMIT,STM_output/MATs/speech_mat_wl4_TIMIT/SX151_MS2024.mat,TIMIT_MPMB0,M
122,data/speechCorp/TIMIT/TRAIN/DR3/FGRW0/SI1152.WAV,SI1152,English-US,1,1,64000,16,4,0.263,4,TIMIT,STM_output/MATs/speech_mat_wl4_TIMIT/SI1152_MS2024.mat,TIMIT_FGRW0,F
123,data/speechCorp/TIMIT/TRAIN/DR4/MLJH0/SI694.WAV,SI694,English-US,1,1,64000,16,4,0.2605625,4,TIMIT,STM_output/MATs/speech_mat_wl4_TIMIT/SI694_MS2024.mat,TIMIT_MLJH0,M
124,data/speechCorp/TIMIT/TRAIN/DR7/MGAW0/SI1165.WAV,SI1165,English-US,1,1,64000,16,4,0.1665625,4,TIMIT,STM_output/MATs/speech_mat_wl4_TIMIT/SI1165_MS2024.mat,TIMIT_MGAW0,M
125,data/speechCorp/TIMIT/TRAIN/DR2/FPJF0/SI1259.WAV,SI1259,English-US,1,1,64000,16,4,0.315,4,TIMIT,STM_output/MATs/speech_mat_wl4_TIMIT/SI1259_MS2024.mat,TIMIT_FPJF0,F
126,data/speechCorp/TIMIT/TRAIN/DR7/FKDE0/SI1771.WAV,SI1771,English-US,1,1,64000,16,4,0.4258125,4,TIMIT,STM_output/MATs/speech_mat_wl4_TIMIT/SI1771_MS2024.mat,TIMIT_FKDE0,F
127,data/speechCorp/TIMIT/TRAIN/DR2/FRLL0/SI805.WAV,SI805,English-US,1,1,64000,16,4,0.154625,4,TIMIT,STM_output/MATs/speech_mat_wl4_TIMIT/SI805_MS2024.mat,TIMIT_FRLL0,F
128,data/speechCorp/TIMIT/TRAIN/DR1/FECD0/SI1418.WAV,SI1418,English-US,1,1,64000,16,4,0.2648125,4,TIMIT,STM_output/MATs/speech_mat_wl4_TIMIT/SI1418_MS2024.mat,TIMIT_FECD0,F
129,data/speechCorp/TIMIT/TRAIN/DR5/MDAS0/SI1896.WAV,SI1896,English-US,1,1,64000,16,4,0.18575,4,TIMIT,STM_output/MATs/speech_mat_wl4_TIMIT/SI1896_MS2024.mat,TIMIT_MDAS0,M
130,data/speechCorp/TIMIT/TRAIN/DR3/MRJB1/SI2021.WAV,SI2021,English-US,1,1,64000,16,4,0.135375,4,TIMIT,STM_output/MATs/speech_mat_wl4_TIMIT/SI2021_MS2024.mat,TIMIT_MRJB1,M
131,data/speechCorp/TIMIT/TRAIN/DR1/MJWT0/SI1291.WAV,SI1291,English-US,1,1,64000,16,4,0.213625,4,TIMIT,STM_output/MATs/speech_mat_wl4_TIMIT/SI1291_MS2024.mat,TIMIT_MJWT0,M
132,data/speechCorp/TIMIT/TRAIN/DR7/MBTH0/SI2102.WAV,SI2102,English-US,1,1,64000,16,4,0.44525,4,TIMIT,STM_output/MATs/speech_mat_wl4_TIMIT/SI2102_MS2024.mat,TIMIT_MBTH0,M
133,data/speechCorp/TIMIT/TRAIN/DR4/FJWB1/SI748.WAV,SI748,English-US,1,1,64000,16,4,0.2865625,4,TIMIT,STM_output/MATs/speech_mat_wl4_TIMIT/SI748_MS2024.mat,TIMIT_FJWB1,F
134,data/speechCorp/TIMIT/TRAIN/DR1/FVMH0/SI1466.WAV,SI1466,English-US,1,1,64000,16,4,0.269375,4,TIMIT,STM_output/MATs/speech_mat_wl4_TIMIT/SI1466_MS2024.mat,TIMIT_FVMH0,F
135,data/speechCorp/TIMIT/TRAIN/DR4/MCSS0/SI688.WAV,SI688,English-US,1,1,64000,16,4,0.1454375,4,TIMIT,STM_output/MATs/speech_mat_wl4_TIMIT/SI688_MS2024.mat,TIMIT_MCSS0,M
136,data/speechCorp/TIMIT/TRAIN/DR3/FSJW0/SI1333.WAV,SI1333,English-US,1,1,64000,16,4,0.2760625,4,TIMIT,STM_output/MATs/speech_mat_wl4_TIMIT/SI1333_MS2024.mat,TIMIT_FSJW0,F
137,data/speechCorp/TIMIT/TRAIN/DR7/MTAB0/SI1572.WAV,SI1572,English-US,1,1,64000,16,4,0.375875,4,TIMIT,STM_output/MATs/speech_mat_wl4_TIMIT/SI1572_MS2024.mat,TIMIT_MTAB0,M
138,data/speechCorp/TIMIT/TRAIN/DR2/MCEW0/SX452.WAV,SX452,English-US,1,1,64000,16,4,0.6849375,4,TIMIT,STM_output/MATs/speech_mat_wl4_TIMIT/SX452_MS2024.mat,TIMIT_MCEW0,M
139,data/speechCorp/TIMIT/TRAIN/DR4/MTRT0/SI1227.WAV,SI1227,English-US,1,1,64000,16,4,0.4413125,4,TIMIT,STM_output/MATs/speech_mat_wl4_TIMIT/SI1227_MS2024.mat,TIMIT_MTRT0,M
140,data/speechCorp/TIMIT/TRAIN/DR4/MSFH0/SI1738.WAV,SI1738,English-US,1,1,64000,16,4,0.131875,4,TIMIT,STM_output/MATs/speech_mat_wl4_TIMIT/SI1738_MS2024.mat,TIMIT_MSFH0,M
141,data/speechCorp/TIMIT/TRAIN/DR5/MCHL0/SI1404.WAV,SI1404,English-US,1,1,64000,16,4,0.196875,4,TIMIT,STM_output/MATs/speech_mat_wl4_TIMIT/SI1404_MS2024.mat,TIMIT_MCHL0,M
142,data/speechCorp/TIMIT/TRAIN/DR2/MJMD0/SI2288.WAV,SI2288,English-US,1,1,64000,16,4,0.132375,4,TIMIT,STM_output/MATs/speech_mat_wl4_TIMIT/SI2288_MS2024.mat,TIMIT_MJMD0,M
143,data/speechCorp/TIMIT/TRAIN/DR4/MSMS0/SI1433.WAV,SI1433,English-US,1,1,64000,16,4,0.1475,4,TIMIT,STM_output/MATs/speech_mat_wl4_TIMIT/SI1433_MS2024.mat,TIMIT_MSMS0,M
144,data/speechCorp/TIMIT/TRAIN/DR3/MDLH0/SX430.WAV,SX430,English-US,1,1,64000,16,4,0.274125,4,TIMIT,STM_output/MATs/speech_mat_wl4_TIMIT/SX430_MS2024.mat,TIMIT_MDLH0,M
145,data/speechCorp/TIMIT/TRAIN/DR8/FBCG1/SX352.WAV,SX352,English-US,1,1,64000,16,4,0.43775,4,TIMIT,STM_output/MATs/speech_mat_wl4_TIMIT/SX352_MS2024.mat,TIMIT_FBCG1,F
146,data/speechCorp/TIMIT/TRAIN/DR1/FVFB0/SI1510.WAV,SI1510,English-US,1,1,64000,16,4,0.1568125,4,TIMIT,STM_output/MATs/speech_mat_wl4_TIMIT/SI1510_MS2024.mat,TIMIT_FVFB0,F
147,data/speechCorp/TIMIT/TRAIN/DR4/MJAC0/SI701.WAV,SI701,English-US,1,1,64000,16,4,0.14375,4,TIMIT,STM_output/MATs/speech_mat_wl4_TIMIT/SI701_MS2024.mat,TIMIT_MJAC0,M
148,data/speechCorp/TIMIT/TRAIN/DR5/MJRG0/SI736.WAV,SI736,English-US,1,1,64000,16,4,0.181,4,TIMIT,STM_output/MATs/speech_mat_wl4_TIMIT/SI736_MS2024.mat,TIMIT_MJRG0,M
149,data/speechCorp/TIMIT/TRAIN/DR2/FEAC0/SI615.WAV,SI615,English-US,1,1,64000,16,4,0.15375,4,TIMIT,STM_output/MATs/speech_mat_wl4_TIMIT/SI615_MS2024.mat,TIMIT_FEAC0,F
150,data/speechCorp/TIMIT/TRAIN/DR7/MRLJ1/SI2301.WAV,SI2301,English-US,1,1,64000,16,4,0.156375,4,TIMIT,STM_output/MATs/speech_mat_wl4_TIMIT/SI2301_MS2024.mat,TIMIT_MRLJ1,M
151,data/speechCorp/TIMIT/TRAIN/DR6/MRXB0/SI2215.WAV,SI2215,English-US,1,1,64000,16,4,0.1390625,4,TIMIT,STM_output/MATs/speech_mat_wl4_TIMIT/SI2215_MS2024.mat,TIMIT_MRXB0,M
152,data/speechCorp/TIMIT/TRAIN/DR6/MPGR1/SI1499.WAV,SI1499,English-US,1,1,64000,16,4,0.13775,4,TIMIT,STM_output/MATs/speech_mat_wl4_TIMIT/SI1499_MS2024.mat,TIMIT_MPGR1,M
153,data/speechCorp/TIMIT/TRAIN/DR5/FCDR1/SI1186.WAV,SI1186,English-US,1,1,64000,16,4,0.142,4,TIMIT,STM_output/MATs/speech_mat_wl4_TIMIT/SI1186_MS2024.mat,TIMIT_FCDR1,F
154,data/speechCorp/TIMIT/TRAIN/DR5/MJWG0/SI895.WAV,SI895,English-US,1,1,64000,16,4,0.530125,4,TIMIT,STM_output/MATs/speech_mat_wl4_TIMIT/SI895_MS2024.mat,TIMIT_MJWG0,M
155,data/speechCorp/TIMIT/TRAIN/DR5/FLJG0/SI981.WAV,SI981,English-US,1,1,64000,16,4,0.1363125,4,TIMIT,STM_output/MATs/speech_mat_wl4_TIMIT/SI981_MS2024.mat,TIMIT_FLJG0,F
156,data/speechCorp/TIMIT/TRAIN/DR3/MRTJ0/SI772.WAV,SI772,English-US,1,1,64000,16,4,0.2864375,4,TIMIT,STM_output/MATs/speech_mat_wl4_TIMIT/SI772_MS2024.mat,TIMIT_MRTJ0,M
157,data/speechCorp/TIMIT/TRAIN/DR2/FAJW0/SI633.WAV,SI633,English-US,1,1,64000,16,4,0.1636875,4,TIMIT,STM_output/MATs/speech_mat_wl4_TIMIT/SI633_MS2024.mat,TIMIT_FAJW0,F
158,data/speechCorp/TIMIT/TRAIN/DR7/MDLM0/SI604.WAV,SI604,English-US,1,1,64000,16,4,0.3171875,4,TIMIT,STM_output/MATs/speech_mat_wl4_TIMIT/SI604_MS2024.mat,TIMIT_MDLM0,M
159,data/speechCorp/TIMIT/TRAIN/DR7/MJAI0/SI710.WAV,SI710,English-US,1,1,64000,16,4,0.1385,4,TIMIT,STM_output/MATs/speech_mat_wl4_TIMIT/SI710_MS2024.mat,TIMIT_MJAI0,M
160,data/speechCorp/TIMIT/TRAIN/DR5/MPMB0/SX421.WAV,SX421,English-US,1,1,64000,16,4,0.486625,4,TIMIT,STM_output/MATs/speech_mat_wl4_TIMIT/SX421_MS2024.mat,TIMIT_MPMB0,M
161,data/speechCorp/TIMIT/TRAIN/DR2/FAJW0/SI1263.WAV,SI1263,English-US,1,1,64000,16,4,0.17175,4,TIMIT,STM_output/MATs/speech_mat_wl4_TIMIT/SI1263_MS2024.mat,TIMIT_FAJW0,F
162,data/speechCorp/TIMIT/TRAIN/DR5/MPMB0/SI1501.WAV,SI1501,English-US,1,1,64000,16,4,0.9879375,4,TIMIT,STM_output/MATs/speech_mat_wl4_TIMIT/SI1501_MS2024.mat,TIMIT_MPMB0,M
163,data/speechCorp/TIMIT/TRAIN/DR5/MJDM0/SI1340.WAV,SI1340,English-US,1,1,64000,16,4,0.1898125,4,TIMIT,STM_output/MATs/speech_mat_wl4_TIMIT/SI1340_MS2024.mat,TIMIT_MJDM0,M
164,data/speechCorp/TIMIT/TRAIN/DR8/FCLT0/SI808.WAV,SI808,English-US,1,1,64000,16,4,0.14625,4,TIMIT,STM_output/MATs/speech_mat_wl4_TIMIT/SI808_MS2024.mat,TIMIT_FCLT0,F
165,data/speechCorp/TIMIT/TRAIN/DR4/MLJH0/SI1422.WAV,SI1422,English-US,1,1,64000,16,4,0.344,4,TIMIT,STM_output/MATs/speech_mat_wl4_TIMIT/SI1422_MS2024.mat,TIMIT_MLJH0,M
166,data/speechCorp/TIMIT/TRAIN/DR5/FDTD0/SX321.WAV,SX321,English-US,1,1,64000,16,4,0.292125,4,TIMIT,STM_output/MATs/speech_mat_wl4_TIMIT/SX321_MS2024.mat,TIMIT_FDTD0,F
167,data/speechCorp/TIMIT/TRAIN/DR5/MPMB0/SX61.WAV,SX61,English-US,1,1,64000,16,4,0.183625,4,TIMIT,STM_output/MATs/speech_mat_wl4_TIMIT/SX61_MS2024.mat,TIMIT_MPMB0,M
168,data/speechCorp/TIMIT/TRAIN/DR5/MDWH0/SI1168.WAV,SI1168,English-US,1,1,64000,16,4,0.14525,4,TIMIT,STM_output/MATs/speech_mat_wl4_TIMIT/SI1168_MS2024.mat,TIMIT_MDWH0,M
169,data/speechCorp/TIMIT/TRAIN/DR7/MTLC0/SI1477.WAV,SI1477,English-US,1,1,64000,16,4,0.2436875,4,TIMIT,STM_output/MATs/speech_mat_wl4_TIMIT/SI1477_MS2024.mat,TIMIT_MTLC0,M
170,data/speechCorp/TIMIT/TRAIN/DR4/MCDR0/SI524.WAV,SI524,English-US,1,1,64000,16,4,0.29175,4,TIMIT,STM_output/MATs/speech_mat_wl4_TIMIT/SI524_MS2024.mat,TIMIT_MCDR0,M
171,data/speechCorp/TIMIT/TRAIN/DR2/MRJH0/SI889.WAV,SI889,English-US,1,1,64000,16,4,0.1409375,4,TIMIT,STM_output/MATs/speech_mat_wl4_TIMIT/SI889_MS2024.mat,TIMIT_MRJH0,M
172,data/speechCorp/TIMIT/TRAIN/DR1/MRAI0/SI2052.WAV,SI2052,English-US,1,1,64000,16,4,0.16775,4,TIMIT,STM_output/MATs/speech_mat_wl4_TIMIT/SI2052_MS2024.mat,TIMIT_MRAI0,M
173,data/speechCorp/TIMIT/TRAIN/DR5/MGSH0/SI546.WAV,SI546,English-US,1,1,64000,16,4,0.13875,4,TIMIT,STM_output/MATs/speech_mat_wl4_TIMIT/SI546_MS2024.mat,TIMIT_MGSH0,M
174,data/speechCorp/TIMIT/TRAIN/DR2/MKDT0/SI814.WAV,SI814,English-US,1,1,64000,16,4,0.14025,4,TIMIT,STM_output/MATs/speech_mat_wl4_TIMIT/SI814_MS2024.mat,TIMIT_MKDT0,M
175,data/speechCorp/TIMIT/TRAIN/DR8/MKDD0/SI937.WAV,SI937,English-US,1,1,64000,16,4,0.1204375,4,TIMIT,STM_output/MATs/speech_mat_wl4_TIMIT/SI937_MS2024.mat,TIMIT_MKDD0,M
176,data/speechCorp/TIMIT/TRAIN/DR7/MDPB0/SI1760.WAV,SI1760,English-US,1,1,64000,16,4,0.212125,4,TIMIT,STM_output/MATs/speech_mat_wl4_TIMIT/SI1760_MS2024.mat,TIMIT_MDPB0,M
177,data/speechCorp/TIMIT/TRAIN/DR3/MDHS0/SI900.WAV,SI900,English-US,1,1,64000,16,4,0.1471875,4,TIMIT,STM_output/MATs/speech_mat_wl4_TIMIT/SI900_MS2024.mat,TIMIT_MDHS0,M
178,data/speechCorp/TIMIT/TRAIN/DR7/FPAB1/SI841.WAV,SI841,English-US,1,1,64000,16,4,0.1488125,4,TIMIT,STM_output/MATs/speech_mat_wl4_TIMIT/SI841_MS2024.mat,TIMIT_FPAB1,F
179,data/speechCorp/TIMIT/TRAIN/DR4/MJLB0/SI1616.WAV,SI1616,English-US,1,1,64000,16,4,0.257875,4,TIMIT,STM_output/MATs/speech_mat_wl4_TIMIT/SI1616_MS2024.mat,TIMIT_MJLB0,M
180,data/speechCorp/TIMIT/TRAIN/DR6/MTXS0/SI1060.WAV,SI1060,English-US,1,1,64000,16,4,0.146,4,TIMIT,STM_output/MATs/speech_mat_wl4_TIMIT/SI1060_MS2024.mat,TIMIT_MTXS0,M
181,data/speechCorp/TIMIT/TRAIN/DR6/MRXB0/SI955.WAV,SI955,English-US,1,1,64000,16,4,0.143625,4,TIMIT,STM_output/MATs/speech_mat_wl4_TIMIT/SI955_MS2024.mat,TIMIT_MRXB0,M
182,data/speechCorp/TIMIT/TRAIN/DR7/MWRE0/SI1057.WAV,SI1057,English-US,1,1,64000,16,4,0.312625,4,TIMIT,STM_output/MATs/speech_mat_wl4_TIMIT/SI1057_MS2024.mat,TIMIT_MWRE0,M
183,data/speechCorp/TIMIT/TRAIN/DR1/MPGR0/SI1410.WAV,SI1410,English-US,1,1,64000,16,4,0.1393125,4,TIMIT,STM_output/MATs/speech_mat_wl4_TIMIT/SI1410_MS2024.mat,TIMIT_MPGR0,M
184,data/speechCorp/TIMIT/TRAIN/DR2/FLMC0/SI1372.WAV,SI1372,English-US,1,1,64000,16,4,0.140125,4,TIMIT,STM_output/MATs/speech_mat_wl4_TIMIT/SI1372_MS2024.mat,TIMIT_FLMC0,F
185,data/speechCorp/TIMIT/TRAIN/DR5/FTLG0/SI483.WAV,SI483,English-US,1,1,64000,16,4,0.137375,4,TIMIT,STM_output/MATs/speech_mat_wl4_TIMIT/SI483_MS2024.mat,TIMIT_FTLG0,F
186,data/speechCorp/TIMIT/TRAIN/DR3/MCAL0/SI1138.WAV,SI1138,English-US,1,1,64000,16,4,0.14175,4,TIMIT,STM_output/MATs/speech_mat_wl4_TIMIT/SI1138_MS2024.mat,TIMIT_MCAL0,M
187,data/speechCorp/TIMIT/TRAIN/DR3/MMAR0/SX346.WAV,SX346,English-US,1,1,64000,16,4,0.2406875,4,TIMIT,STM_output/MATs/speech_mat_wl4_TIMIT/SX346_MS2024.mat,TIMIT_MMAR0,M
188,data/speechCorp/TIMIT/TRAIN/DR7/MJJM0/SI1251.WAV,SI1251,English-US,1,1,64000,16,4,0.2688125,4,TIMIT,STM_output/MATs/speech_mat_wl4_TIMIT/SI1251_MS2024.mat,TIMIT_MJJM0,M
189,data/speechCorp/TIMIT/TRAIN/DR4/FBAS0/SI1472.WAV,SI1472,English-US,1,1,64000,16,4,0.151625,4,TIMIT,STM_output/MATs/speech_mat_wl4_TIMIT/SI1472_MS2024.mat,TIMIT_FBAS0,F
190,data/speechCorp/TIMIT/TRAIN/DR1/MMGG0/SI1079.WAV,SI1079,English-US,1,1,64000,16,4,0.139625,4,TIMIT,STM_output/MATs/speech_mat_wl4_TIMIT/SI1079_MS2024.mat,TIMIT_MMGG0,M
191,data/speechCorp/TIMIT/TRAIN/DR3/MTLB0/SX324.WAV,SX324,English-US,1,1,64000,16,4,0.174,4,TIMIT,STM_output/MATs/speech_mat_wl4_TIMIT/SX324_MS2024.mat,TIMIT_MTLB0,M
192,data/speechCorp/TIMIT/TRAIN/DR8/MKDD0/SI2197.WAV,SI2197,English-US,1,1,64000,16,4,0.2075,4,TIMIT,STM_output/MATs/speech_mat_wl4_TIMIT/SI2197_MS2024.mat,TIMIT_MKDD0,M
193,data/speechCorp/TIMIT/TRAIN/DR1/FECD0/SI788.WAV,SI788,English-US,1,1,64000,16,4,0.209125,4,TIMIT,STM_output/MATs/speech_mat_wl4_TIMIT/SI788_MS2024.mat,TIMIT_FECD0,F
194,data/speechCorp/TIMIT/TRAIN/DR5/FKKH0/SI1920.WAV,SI1920,English-US,1,1,64000,16,4,0.1988125,4,TIMIT,STM_output/MATs/speech_mat_wl4_TIMIT/SI1920_MS2024.mat,TIMIT_FKKH0,F
195,data/speechCorp/TIMIT/TRAIN/DR3/MREH1/SI1599.WAV,SI1599,English-US,1,1,64000,16,4,0.3531875,4,TIMIT,STM_output/MATs/speech_mat_wl4_TIMIT/SI1599_MS2024.mat,TIMIT_MREH1,M
196,data/speechCorp/TIMIT/TRAIN/DR3/MAPV0/SI663.WAV,SI663,English-US,1,1,64000,16,4,0.3776875,4,TIMIT,STM_output/MATs/speech_mat_wl4_TIMIT/SI663_MS2024.mat,TIMIT_MAPV0,M
197,data/speechCorp/TIMIT/TRAIN/DR5/MMVP0/SI654.WAV,SI654,English-US,1,1,64000,16,4,0.463125,4,TIMIT,STM_output/MATs/speech_mat_wl4_TIMIT/SI654_MS2024.mat,TIMIT_MMVP0,M
198,data/speechCorp/TIMIT/TRAIN/DR5/FTBW0/SI715.WAV,SI715,English-US,1,1,64000,16,4,0.1844375,4,TIMIT,STM_output/MATs/speech_mat_wl4_TIMIT/SI715_MS2024.mat,TIMIT_FTBW0,F
199,data/speechCorp/TIMIT/TRAIN/DR5/MDAS0/SI636.WAV,SI636,English-US,1,1,64000,16,4,0.1815625,4,TIMIT,STM_output/MATs/speech_mat_wl4_TIMIT/SI636_MS2024.mat,TIMIT_MDAS0,M
200,data/speechCorp/TIMIT/TRAIN/DR3/MHMR0/SI1692.WAV,SI1692,English-US,1,1,64000,16,4,0.351875,4,TIMIT,STM_output/MATs/speech_mat_wl4_TIMIT/SI1692_MS2024.mat,TIMIT_MHMR0,M
201,data/speechCorp/TIMIT/TRAIN/DR4/FJXP0/SI1752.WAV,SI1752,English-US,1,1,64000,16,4,0.1415625,4,TIMIT,STM_output/MATs/speech_mat_wl4_TIMIT/SI1752_MS2024.mat,TIMIT_FJXP0,F
202,data/speechCorp/TIMIT/TRAIN/DR2/MDBP0/SX438.WAV,SX438,English-US,1,1,64000,16,4,0.3413125,4,TIMIT,STM_output/MATs/speech_mat_wl4_TIMIT/SX438_MS2024.mat,TIMIT_MDBP0,M
203,data/speechCorp/TIMIT/TRAIN/DR2/FJKL0/SI932.WAV,SI932,English-US,1,1,64000,16,4,0.3189375,4,TIMIT,STM_output/MATs/speech_mat_wl4_TIMIT/SI932_MS2024.mat,TIMIT_FJKL0,F
204,data/speechCorp/TIMIT/TRAIN/DR5/MTAT0/SI811.WAV,SI811,English-US,1,1,64000,16,4,0.1169375,4,TIMIT,STM_output/MATs/speech_mat_wl4_TIMIT/SI811_MS2024.mat,TIMIT_MTAT0,M
205,data/speechCorp/TIMIT/TRAIN/DR4/MRGM0/SX172.WAV,SX172,English-US,1,1,64000,16,4,0.1944375,4,TIMIT,STM_output/MATs/speech_mat_wl4_TIMIT/SX172_MS2024.mat,TIMIT_MRGM0,M
206,data/speechCorp/TIMIT/TRAIN/DR4/MJSR0/SI794.WAV,SI794,English-US,1,1,64000,16,4,0.142125,4,TIMIT,STM_output/MATs/speech_mat_wl4_TIMIT/SI794_MS2024.mat,TIMIT_MJSR0,M
207,data/speechCorp/TIMIT/TRAIN/DR7/FJSK0/SI1052.WAV,SI1052,English-US,1,1,64000,16,4,0.1395,4,TIMIT,STM_output/MATs/speech_mat_wl4_TIMIT/SI1052_MS2024.mat,TIMIT_FJSK0,F
208,data/speechCorp/TIMIT/TRAIN/DR3/MDNS0/SI873.WAV,SI873,English-US,1,1,64000,16,4,0.23375,4,TIMIT,STM_output/MATs/speech_mat_wl4_TIMIT/SI873_MS2024.mat,TIMIT_MDNS0,M
209,data/speechCorp/TIMIT/TRAIN/DR2/MRMS0/SI2057.WAV,SI2057,English-US,1,1,64000,16,4,0.401,4,TIMIT,STM_output/MATs/speech_mat_wl4_TIMIT/SI2057_MS2024.mat,TIMIT_MRMS0,M
210,data/speechCorp/TIMIT/TRAIN/DR4/MMBS0/SI521.WAV,SI521,English-US,1,1,64000,16,4,0.187375,4,TIMIT,STM_output/MATs/speech_mat_wl4_TIMIT/SI521_MS2024.mat,TIMIT_MMBS0,M
211,data/speechCorp/TIMIT/TRAIN/DR4/FBMJ0/SI516.WAV,SI516,English-US,1,1,64000,16,4,0.175,4,TIMIT,STM_output/MATs/speech_mat_wl4_TIMIT/SI516_MS2024.mat,TIMIT_FBMJ0,F
212,data/speechCorp/TIMIT/TRAIN/DR5/MRKM0/SI1391.WAV,SI1391,English-US,1,1,64000,16,4,0.4158125,4,TIMIT,STM_output/MATs/speech_mat_wl4_TIMIT/SI1391_MS2024.mat,TIMIT_MRKM0,M
213,data/speechCorp/TIMIT/TRAIN/DR4/MARW0/SX286.WAV,SX286,English-US,1,1,64000,16,4,0.2876875,4,TIMIT,STM_output/MATs/speech_mat_wl4_TIMIT/SX286_MS2024.mat,TIMIT_MARW0,M
214,data/speechCorp/TIMIT/TRAIN/DR2/MTBC0/SI543.WAV,SI543,English-US,1,1,64000,16,4,0.361875,4,TIMIT,STM_output/MATs/speech_mat_wl4_TIMIT/SI543_MS2024.mat,TIMIT_MTBC0,M
215,data/speechCorp/TIMIT/TRAIN/DR4/MCSS0/SI1380.WAV,SI1380,English-US,1,1,64000,16,4,0.1365,4,TIMIT,STM_output/MATs/speech_mat_wl4_TIMIT/SI1380_MS2024.mat,TIMIT_MCSS0,M
216,data/speechCorp/TIMIT/TRAIN/DR7/FLET0/SI507.WAV,SI507,English-US,1,1,64000,16,4,0.1384375,4,TIMIT,STM_output/MATs/speech_mat_wl4_TIMIT/SI507_MS2024.mat,TIMIT_FLET0,F
217,data/speechCorp/TIMIT/TRAIN/DR7/MDCM0/SI1480.WAV,SI1480,English-US,1,1,64000,16,4,0.1999375,4,TIMIT,STM_output/MATs/speech_mat_wl4_TIMIT/SI1480_MS2024.mat,TIMIT_MDCM0,M
218,data/speechCorp/TIMIT/TRAIN/DR8/FMBG0/SI1160.WAV,SI1160,English-US,1,1,64000,16,4,0.5648125,4,TIMIT,STM_output/MATs/speech_mat_wl4_TIMIT/SI1160_MS2024.mat,TIMIT_FMBG0,F
219,data/speechCorp/TIMIT/TRAIN/DR7/MTER0/SI1157.WAV,SI1157,English-US,1,1,64000,16,4,0.3093125,4,TIMIT,STM_output/MATs/speech_mat_wl4_TIMIT/SI1157_MS2024.mat,TIMIT_MTER0,M
220,data/speechCorp/TIMIT/TRAIN/DR4/MGAG0/SI691.WAV,SI691,English-US,1,1,64000,16,4,0.151375,4,TIMIT,STM_output/MATs/speech_mat_wl4_TIMIT/SI691_MS2024.mat,TIMIT_MGAG0,M
221,data/speechCorp/TIMIT/TRAIN/DR2/MTAT1/SX329.WAV,SX329,English-US,1,1,64000,16,4,0.26775,4,TIMIT,STM_output/MATs/speech_mat_wl4_TIMIT/SX329_MS2024.mat,TIMIT_MTAT1,M
222,data/speechCorp/TIMIT/TRAIN/DR4/MDCD0/SI785.WAV,SI785,English-US,1,1,64000,16,4,0.134625,4,TIMIT,STM_output/MATs/speech_mat_wl4_TIMIT/SI785_MS2024.mat,TIMIT_MDCD0,M
223,data/speechCorp/TIMIT/TRAIN/DR1/MRWS0/SI1102.WAV,SI1102,English-US,1,1,64000,16,4,0.145375,4,TIMIT,STM_output/MATs/speech_mat_wl4_TIMIT/SI1102_MS2024.mat,TIMIT_MRWS0,M
224,data/speechCorp/TIMIT/TRAIN/DR1/MJEB1/SI837.WAV,SI837,English-US,1,1,64000,16,4,0.279125,4,TIMIT,STM_output/MATs/speech_mat_wl4_TIMIT/SI837_MS2024.mat,TIMIT_MJEB1,M
225,data/speechCorp/TIMIT/TRAIN/DR2/MDEM0/SI800.WAV,SI800,English-US,1,1,64000,16,4,0.1488125,4,TIMIT,STM_output/MATs/speech_mat_wl4_TIMIT/SI800_MS2024.mat,TIMIT_MDEM0,M
226,data/speechCorp/TIMIT/TRAIN/DR2/MDLB0/SX136.WAV,SX136,English-US,1,1,64000,16,4,0.1500625,4,TIMIT,STM_output/MATs/speech_mat_wl4_TIMIT/SX136_MS2024.mat,TIMIT_MDLB0,M
227,data/speechCorp/TIMIT/TRAIN/DR3/MAKB0/SI1016.WAV,SI1016,English-US,1,1,64000,16,4,0.3493125,4,TIMIT,STM_output/MATs/speech_mat_wl4_TIMIT/SI1016_MS2024.mat,TIMIT_MAKB0,M
228,data/speechCorp/TIMIT/TRAIN/DR5/FTLG0/SI1743.WAV,SI1743,English-US,1,1,64000,16,4,0.1686875,4,TIMIT,STM_output/MATs/speech_mat_wl4_TIMIT/SI1743_MS2024.mat,TIMIT_FTLG0,F
229,data/speechCorp/TIMIT/TRAIN/DR3/MJLG1/SI2272.WAV,SI2272,English-US,1,1,64000,16,4,0.1580625,4,TIMIT,STM_output/MATs/speech_mat_wl4_TIMIT/SI2272_MS2024.mat,TIMIT_MJLG1,M
230,data/speechCorp/TIMIT/TRAIN/DR2/MMAA0/SI1588.WAV,SI1588,English-US,1,1,64000,16,4,0.1421875,4,TIMIT,STM_output/MATs/speech_mat_wl4_TIMIT/SI1588_MS2024.mat,TIMIT_MMAA0,M
231,data/speechCorp/TIMIT/TRAIN/DR4/MPRK0/SI1097.WAV,SI1097,English-US,1,1,64000,16,4,0.3801875,4,TIMIT,STM_output/MATs/speech_mat_wl4_TIMIT/SI1097_MS2024.mat,TIMIT_MPRK0,M
232,data/speechCorp/TIMIT/TRAIN/DR4/MBMA0/SI1222.WAV,SI1222,English-US,1,1,64000,16,4,0.1548125,4,TIMIT,STM_output/MATs/speech_mat_wl4_TIMIT/SI1222_MS2024.mat,TIMIT_MBMA0,M
233,data/speechCorp/TIMIT/TRAIN/DR4/FALR0/SX335.WAV,SX335,English-US,1,1,64000,16,4,0.139125,4,TIMIT,STM_output/MATs/speech_mat_wl4_TIMIT/SX335_MS2024.mat,TIMIT_FALR0,F
234,data/speechCorp/TIMIT/TRAIN/DR7/MNTW0/SI1068.WAV,SI1068,English-US,1,1,64000,16,4,0.15625,4,TIMIT,STM_output/MATs/speech_mat_wl4_TIMIT/SI1068_MS2024.mat,TIMIT_MNTW0,M
235,data/speechCorp/TIMIT/TRAIN/DR2/MPRB0/SI1215.WAV,SI1215,English-US,1,1,64000,16,4,0.138875,4,TIMIT,STM_output/MATs/speech_mat_wl4_TIMIT/SI1215_MS2024.mat,TIMIT_MPRB0,M
236,data/speechCorp/TIMIT/TRAIN/DR8/MEJS0/SI1240.WAV,SI1240,English-US,1,1,64000,16,4,0.33275,4,TIMIT,STM_output/MATs/speech_mat_wl4_TIMIT/SI1240_MS2024.mat,TIMIT_MEJS0,M
237,data/speechCorp/TIMIT/TRAIN/DR7/MTML0/SX435.WAV,SX435,English-US,1,1,64000,16,4,0.70525,4,TIMIT,STM_output/MATs/speech_mat_wl4_TIMIT/SX435_MS2024.mat,TIMIT_MTML0,M
238,data/speechCorp/TIMIT/TRAIN/DR6/MSDS0/SX357.WAV,SX357,English-US,1,1,64000,16,4,0.3606875,4,TIMIT,STM_output/MATs/speech_mat_wl4_TIMIT/SX357_MS2024.mat,TIMIT_MSDS0,M
239,data/speechCorp/TIMIT/TRAIN/DR3/MWDK0/SI1436.WAV,SI1436,English-US,1,1,64000,16,4,0.14275,4,TIMIT,STM_output/MATs/speech_mat_wl4_TIMIT/SI1436_MS2024.mat,TIMIT_MWDK0,M
240,data/speechCorp/TIMIT/TRAIN/DR2/MTDB0/SI1401.WAV,SI1401,English-US,1,1,64000,16,4,0.156375,4,TIMIT,STM_output/MATs/speech_mat_wl4_TIMIT/SI1401_MS2024.mat,TIMIT_MTDB0,M
241,data/speechCorp/TIMIT/TRAIN/DR4/MJSR0/SI2054.WAV,SI2054,English-US,1,1,64000,16,4,0.1718125,4,TIMIT,STM_output/MATs/speech_mat_wl4_TIMIT/SI2054_MS2024.mat,TIMIT_MJSR0,M
242,data/speechCorp/TIMIT/TRAIN/DR2/FDNC0/SI1908.WAV,SI1908,English-US,1,1,64000,16,4,0.17275,4,TIMIT,STM_output/MATs/speech_mat_wl4_TIMIT/SI1908_MS2024.mat,TIMIT_FDNC0,F
243,data/speechCorp/TIMIT/TRAIN/DR2/MJAE0/SX84.WAV,SX84,English-US,1,1,64000,16,4,0.2393125,4,TIMIT,STM_output/MATs/speech_mat_wl4_TIMIT/SX84_MS2024.mat,TIMIT_MJAE0,M
244,data/speechCorp/TIMIT/TRAIN/DR1/FDAW0/SI2036.WAV,SI2036,English-US,1,1,64000,16,4,0.1576875,4,TIMIT,STM_output/MATs/speech_mat_wl4_TIMIT/SI2036_MS2024.mat,TIMIT_FDAW0,F
245,data/speechCorp/TIMIT/TRAIN/DR2/FAEM0/SI1392.WAV,SI1392,English-US,1,1,64000,16,4,0.1349375,4,TIMIT,STM_output/MATs/speech_mat_wl4_TIMIT/SI1392_MS2024.mat,TIMIT_FAEM0,F
246,data/speechCorp/TIMIT/TRAIN/DR3/MTKP0/SI454.WAV,SI454,English-US,1,1,64000,16,4,0.2074375,4,TIMIT,STM_output/MATs/speech_mat_wl4_TIMIT/SI454_MS2024.mat,TIMIT_MTKP0,M
247,data/speechCorp/TIMIT/TRAIN/DR7/MDED0/SI540.WAV,SI540,English-US,1,1,64000,16,4,0.2035,4,TIMIT,STM_output/MATs/speech_mat_wl4_TIMIT/SI540_MS2024.mat,TIMIT_MDED0,M
248,data/speechCorp/TIMIT/TRAIN/DR5/MMWB0/SX359.WAV,SX359,English-US,1,1,64000,16,4,0.1345,4,TIMIT,STM_output/MATs/speech_mat_wl4_TIMIT/SX359_MS2024.mat,TIMIT_MMWB0,M
249,data/speechCorp/TIMIT/TRAIN/DR5/MTAT0/SI1110.WAV,SI1110,English-US,1,1,64000,16,4,0.1865625,4,TIMIT,STM_output/MATs/speech_mat_wl4_TIMIT/SI1110_MS2024.mat,TIMIT_MTAT0,M
250,data/speechCorp/TIMIT/TRAIN/DR3/MTKP0/SI2283.WAV,SI2283,English-US,1,1,64000,16,4,0.272,4,TIMIT,STM_output/MATs/speech_mat_wl4_TIMIT/SI2283_MS2024.mat,TIMIT_MTKP0,M
251,data/speechCorp/TIMIT/TRAIN/DR2/MCEW0/SI812.WAV,SI812,English-US,1,1,64000,16,4,0.119125,4,TIMIT,STM_output/MATs/speech_mat_wl4_TIMIT/SI812_MS2024.mat,TIMIT_MCEW0,M
252,data/speechCorp/TIMIT/TRAIN/DR6/MAJP0/SI1704.WAV,SI1704,English-US,1,1,64000,16,4,0.684875,4,TIMIT,STM_output/MATs/speech_mat_wl4_TIMIT/SI1704_MS2024.mat,TIMIT_MAJP0,M
253,data/speechCorp/TIMIT/TRAIN/DR3/MPRD0/SX171.WAV,SX171,English-US,1,1,64000,16,4,0.3881875,4,TIMIT,STM_output/MATs/speech_mat_wl4_TIMIT/SX171_MS2024.mat,TIMIT_MPRD0,M
254,data/speechCorp/TIMIT/TRAIN/DR7/FLEH0/SI1051.WAV,SI1051,English-US,1,1,64000,16,4,0.202,4,TIMIT,STM_output/MATs/speech_mat_wl4_TIMIT/SI1051_MS2024.mat,TIMIT_FLEH0,F
255,data/speechCorp/TIMIT/TRAIN/DR7/MGSL0/SI797.WAV,SI797,English-US,1,1,64000,16,4,0.1344375,4,TIMIT,STM_output/MATs/speech_mat_wl4_TIMIT/SI797_MS2024.mat,TIMIT_MGSL0,M
256,data/speechCorp/TIMIT/TRAIN/DR4/MJXL0/SI1172.WAV,SI1172,English-US,1,1,64000,16,4,0.1820625,4,TIMIT,STM_output/MATs/speech_mat_wl4_TIMIT/SI1172_MS2024.mat,TIMIT_MJXL0,M
257,data/speechCorp/TIMIT/TRAIN/DR5/FGMB0/SI1145.WAV,SI1145,English-US,1,1,64000,16,4,0.2,4,TIMIT,STM_output/MATs/speech_mat_wl4_TIMIT/SI1145_MS2024.mat,TIMIT_FGMB0,F
258,data/speechCorp/TIMIT/TRAIN/DR5/MMCC0/SI1338.WAV,SI1338,English-US,1,1,64000,16,4,0.138,4,TIMIT,STM_output/MATs/speech_mat_wl4_TIMIT/SI1338_MS2024.mat,TIMIT_MMCC0,M
259,data/speechCorp/TIMIT/TRAIN/DR4/MSMC0/SI509.WAV,SI509,English-US,1,1,64000,16,4,0.131875,4,TIMIT,STM_output/MATs/speech_mat_wl4_TIMIT/SI509_MS2024.mat,TIMIT_MSMC0,M
260,data/speechCorp/TIMIT/TRAIN/DR6/MMDB0/SI987.WAV,SI987,English-US,1,1,64000,16,4,0.1533125,4,TIMIT,STM_output/MATs/speech_mat_wl4_TIMIT/SI987_MS2024.mat,TIMIT_MMDB0,M
261,data/speechCorp/TIMIT/TRAIN/DR6/FPAD0/SI716.WAV,SI716,English-US,1,1,64000,16,4,0.2145625,4,TIMIT,STM_output/MATs/speech_mat_wl4_TIMIT/SI716_MS2024.mat,TIMIT_FPAD0,F
262,data/speechCorp/TIMIT/TRAIN/DR5/MWAC0/SX251.WAV,SX251,English-US,1,1,64000,16,4,0.158375,4,TIMIT,STM_output/MATs/speech_mat_wl4_TIMIT/SX251_MS2024.mat,TIMIT_MWAC0,M
263,data/speechCorp/TIMIT/TRAIN/DR3/MRJB1/SI1413.WAV,SI1413,English-US,1,1,64000,16,4,0.519125,4,TIMIT,STM_output/MATs/speech_mat_wl4_TIMIT/SI1413_MS2024.mat,TIMIT_MRJB1,M
264,data/speechCorp/TIMIT/TRAIN/DR2/FMKF0/SI1018.WAV,SI1018,English-US,1,1,64000,16,4,0.2045,4,TIMIT,STM_output/MATs/speech_mat_wl4_TIMIT/SI1018_MS2024.mat,TIMIT_FMKF0,F
265,data/speechCorp/TIMIT/TRAIN/DR7/MTLC0/SI1313.WAV,SI1313,English-US,1,1,64000,16,4,0.1433125,4,TIMIT,STM_output/MATs/speech_mat_wl4_TIMIT/SI1313_MS2024.mat,TIMIT_MTLC0,M
266,data/speechCorp/TIMIT/TRAIN/DR1/MGRL0/SX327.WAV,SX327,English-US,1,1,64000,16,4,0.658875,4,TIMIT,STM_output/MATs/speech_mat_wl4_TIMIT/SX327_MS2024.mat,TIMIT_MGRL0,M
267,data/speechCorp/TIMIT/TRAIN/DR4/FKDW0/SI1207.WAV,SI1207,English-US,1,1,64000,16,4,0.3650625,4,TIMIT,STM_output/MATs/speech_mat_wl4_TIMIT/SI1207_MS2024.mat,TIMIT_FKDW0,F
268,data/speechCorp/TIMIT/TRAIN/DR7/MWRE0/SX67.WAV,SX67,English-US,1,1,64000,16,4,0.291125,4,TIMIT,STM_output/MATs/speech_mat_wl4_TIMIT/SX67_MS2024.mat,TIMIT_MWRE0,M
269,data/speechCorp/TIMIT/TRAIN/DR6/MSJK0/SX336.WAV,SX336,English-US,1,1,64000,16,4,0.1436875,4,TIMIT,STM_output/MATs/speech_mat_wl4_TIMIT/SX336_MS2024.mat,TIMIT_MSJK0,M
270,data/speechCorp/TIMIT/TRAIN/DR5/FJXM0/SX41.WAV,SX41,English-US,1,1,64000,16,4,0.357375,4,TIMIT,STM_output/MATs/speech_mat_wl4_TIMIT/SX41_MS2024.mat,TIMIT_FJXM0,F
271,data/speechCorp/TIMIT/TRAIN/DR3/MREH1/SI969.WAV,SI969,English-US,1,1,64000,16,4,0.3099375,4,TIMIT,STM_output/MATs/speech_mat_wl4_TIMIT/SI969_MS2024.mat,TIMIT_MREH1,M
272,data/speechCorp/TIMIT/TRAIN/DR3/FLJD0/SI1516.WAV,SI1516,English-US,1,1,64000,16,4,0.2355625,4,TIMIT,STM_output/MATs/speech_mat_wl4_TIMIT/SI1516_MS2024.mat,TIMIT_FLJD0,F
273,data/speechCorp/TIMIT/TRAIN/DR5/MTDP0/SI1521.WAV,SI1521,English-US,1,1,64000,16,4,0.3495625,4,TIMIT,STM_output/MATs/speech_mat_wl4_TIMIT/SI1521_MS2024.mat,TIMIT_MTDP0,M
274,data/speechCorp/TIMIT/TRAIN/DR1/FTBR0/SI1402.WAV,SI1402,English-US,1,1,64000,16,4,0.1399375,4,TIMIT,STM_output/MATs/speech_mat_wl4_TIMIT/SI1402_MS2024.mat,TIMIT_FTBR0,F
275,data/speechCorp/TIMIT/TRAIN/DR2/MEFG0/SI491.WAV,SI491,English-US,1,1,64000,16,4,0.2073125,4,TIMIT,STM_output/MATs/speech_mat_wl4_TIMIT/SI491_MS2024.mat,TIMIT_MEFG0,M
276,data/speechCorp/TIMIT/TRAIN/DR7/MDLC1/SI1435.WAV,SI1435,English-US,1,1,64000,16,4,0.4663125,4,TIMIT,STM_output/MATs/speech_mat_wl4_TIMIT/SI1435_MS2024.mat,TIMIT_MDLC1,M
277,data/speechCorp/TIMIT/TRAIN/DR3/FMJF0/SI624.WAV,SI624,English-US,1,1,64000,16,4,0.15775,4,TIMIT,STM_output/MATs/speech_mat_wl4_TIMIT/SI624_MS2024.mat,TIMIT_FMJF0,F
278,data/speechCorp/TIMIT/TRAIN/DR5/MEGJ0/SI707.WAV,SI707,English-US,1,1,64000,16,4,0.13675,4,TIMIT,STM_output/MATs/speech_mat_wl4_TIMIT/SI707_MS2024.mat,TIMIT_MEGJ0,M
279,data/speechCorp/TIMIT/TRAIN/DR2/MWSB0/SI996.WAV,SI996,English-US,1,1,64000,16,4,0.177625,4,TIMIT,STM_output/MATs/speech_mat_wl4_TIMIT/SI996_MS2024.mat,TIMIT_MWSB0,M
280,data/speechCorp/TIMIT/TRAIN/DR6/MDRD0/SI752.WAV,SI752,English-US,1,1,64000,16,4,0.2574375,4,TIMIT,STM_output/MATs/speech_mat_wl4_TIMIT/SI752_MS2024.mat,TIMIT_MDRD0,M
281,data/speechCorp/TIMIT/TRAIN/DR8/MKRG0/SI861.WAV,SI861,English-US,1,1,64000,16,4,0.225125,4,TIMIT,STM_output/MATs/speech_mat_wl4_TIMIT/SI861_MS2024.mat,TIMIT_MKRG0,M
282,data/speechCorp/TIMIT/TRAIN/DR5/MWAC0/SI1601.WAV,SI1601,English-US,1,1,64000,16,4,0.155375,4,TIMIT,STM_output/MATs/speech_mat_wl4_TIMIT/SI1601_MS2024.mat,TIMIT_MWAC0,M
283,data/speechCorp/TIMIT/TRAIN/DR4/MJJJ0/SI1163.WAV,SI1163,English-US,1,1,64000,16,4,0.2359375,4,TIMIT,STM_output/MATs/speech_mat_wl4_TIMIT/SI1163_MS2024.mat,TIMIT_MJJJ0,M
284,data/speechCorp/TIMIT/TRAIN/DR3/MDLH0/SX160.WAV,SX160,English-US,1,1,64000,16,4,0.218375,4,TIMIT,STM_output/MATs/speech_mat_wl4_TIMIT/SX160_MS2024.mat,TIMIT_MDLH0,M
285,data/speechCorp/TIMIT/TRAIN/DR6/MSDS0/SI1077.WAV,SI1077,English-US,1,1,64000,16,4,0.8770625,4,TIMIT,STM_output/MATs/speech_mat_wl4_TIMIT/SI1077_MS2024.mat,TIMIT_MSDS0,M
286,data/speechCorp/TIMIT/TRAIN/DR4/MRSP0/SI1429.WAV,SI1429,English-US,1,1,64000,16,4,0.1121875,4,TIMIT,STM_output/MATs/speech_mat_wl4_TIMIT/SI1429_MS2024.mat,TIMIT_MRSP0,M
287,data/speechCorp/TIMIT/TRAIN/DR5/FBMH0/SI1136.WAV,SI1136,English-US,1,1,64000,16,4,0.1406875,4,TIMIT,STM_output/MATs/speech_mat_wl4_TIMIT/SI1136_MS2024.mat,TIMIT_FBMH0,F
288,data/speechCorp/TIMIT/TRAIN/DR6/FLAG0/SI834.WAV,SI834,English-US,1,1,64000,16,4,0.228375,4,TIMIT,STM_output/MATs/speech_mat_wl4_TIMIT/SI834_MS2024.mat,TIMIT_FLAG0,F
289,data/speechCorp/TIMIT/TRAIN/DR1/MRCG0/SX348.WAV,SX348,English-US,1,1,64000,16,4,0.546625,4,TIMIT,STM_output/MATs/speech_mat_wl4_TIMIT/SX348_MS2024.mat,TIMIT_MRCG0,M
290,data/speechCorp/TIMIT/TRAIN/DR2/MTAT1/SI779.WAV,SI779,English-US,1,1,64000,16,4,0.314,4,TIMIT,STM_output/MATs/speech_mat_wl4_TIMIT/SI779_MS2024.mat,TIMIT_MTAT1,M
291,data/speechCorp/TIMIT/TRAIN/DR2/MCEW0/SI2072.WAV,SI2072,English-US,1,1,64000,16,4,0.3433125,4,TIMIT,STM_output/MATs/speech_mat_wl4_TIMIT/SI2072_MS2024.mat,TIMIT_MCEW0,M
292,data/speechCorp/TIMIT/TRAIN/DR5/MHMG0/SI735.WAV,SI735,English-US,1,1,64000,16,4,0.1448125,4,TIMIT,STM_output/MATs/speech_mat_wl4_TIMIT/SI735_MS2024.mat,TIMIT_MHMG0,M
293,data/speechCorp/TIMIT/TRAIN/DR4/MESG0/SI702.WAV,SI702,English-US,1,1,64000,16,4,0.33975,4,TIMIT,STM_output/MATs/speech_mat_wl4_TIMIT/SI702_MS2024.mat,TIMIT_MESG0,M
294,data/speechCorp/TIMIT/TRAIN/DR5/MBGT0/SI1841.WAV,SI1841,English-US,1,1,64000,16,4,0.44525,4,TIMIT,STM_output/MATs/speech_mat_wl4_TIMIT/SI1841_MS2024.mat,TIMIT_MBGT0,M
295,data/speechCorp/TIMIT/TRAIN/DR4/MLEL0/SI616.WAV,SI616,English-US,1,1,64000,16,4,0.2171875,4,TIMIT,STM_output/MATs/speech_mat_wl4_TIMIT/SI616_MS2024.mat,TIMIT_MLEL0,M
296,data/speechCorp/TIMIT/TRAIN/DR6/FHXS0/SI2302.WAV,SI2302,English-US,1,1,64000,16,4,0.1845,4,TIMIT,STM_output/MATs/speech_mat_wl4_TIMIT/SI2302_MS2024.mat,TIMIT_FHXS0,F
297,data/speechCorp/TIMIT/TRAIN/DR4/MKAM0/SI1465.WAV,SI1465,English-US,1,1,64000,16,4,0.2880625,4,TIMIT,STM_output/MATs/speech_mat_wl4_TIMIT/SI1465_MS2024.mat,TIMIT_MKAM0,M
298,data/speechCorp/TIMIT/TRAIN/DR1/MKLW0/SI1571.WAV,SI1571,English-US,1,1,64000,16,4,0.144625,4,TIMIT,STM_output/MATs/speech_mat_wl4_TIMIT/SI1571_MS2024.mat,TIMIT_MKLW0,M
299,data/speechCorp/TIMIT/TRAIN/DR5/MMDM1/SX333.WAV,SX333,English-US,1,1,64000,16,4,0.1370625,4,TIMIT,STM_output/MATs/speech_mat_wl4_TIMIT/SX333_MS2024.mat,TIMIT_MMDM1,M
300,data/speechCorp/TIMIT/TRAIN/DR1/FSMA0/SX451.WAV,SX451,English-US,1,1,64000,16,4,0.15325,4,TIMIT,STM_output/MATs/speech_mat_wl4_TIMIT/SX451_MS2024.mat,TIMIT_FSMA0,F
301,data/speechCorp/TIMIT/TRAIN/DR3/FJLG0/SI1889.WAV,SI1889,English-US,1,1,64000,16,4,0.2215,4,TIMIT,STM_output/MATs/speech_mat_wl4_TIMIT/SI1889_MS2024.mat,TIMIT_FJLG0,F
302,data/speechCorp/TIMIT/TRAIN/DR5/FEXM0/SX366.WAV,SX366,English-US,1,1,64000,16,4,0.1305625,4,TIMIT,STM_output/MATs/speech_mat_wl4_TIMIT/SX366_MS2024.mat,TIMIT_FEXM0,F
303,data/speechCorp/TIMIT/TRAIN/DR1/FDAW0/SI1271.WAV,SI1271,English-US,1,1,64000,16,4,0.1935,4,TIMIT,STM_output/MATs/speech_mat_wl4_TIMIT/SI1271_MS2024.mat,TIMIT_FDAW0,F
304,data/speechCorp/TIMIT/TRAIN/DR6/FAPB0/SX433.WAV,SX433,English-US,1,1,64000,16,4,0.1339375,4,TIMIT,STM_output/MATs/speech_mat_wl4_TIMIT/SX433_MS2024.mat,TIMIT_FAPB0,F
305,data/speechCorp/TIMIT/TRAIN/DR5/MTDP0/SX351.WAV,SX351,English-US,1,1,64000,16,4,0.1368125,4,TIMIT,STM_output/MATs/speech_mat_wl4_TIMIT/SX351_MS2024.mat,TIMIT_MTDP0,M
306,data/speechCorp/TIMIT/TRAIN/DR7/FPAB1/SI2101.WAV,SI2101,English-US,1,1,64000,16,4,0.248,4,TIMIT,STM_output/MATs/speech_mat_wl4_TIMIT/SI2101_MS2024.mat,TIMIT_FPAB1,F
307,data/speechCorp/TIMIT/TRAIN/DR6/MCAE0/SI2077.WAV,SI2077,English-US,1,1,64000,16,4,0.2005,4,TIMIT,STM_output/MATs/speech_mat_wl4_TIMIT/SI2077_MS2024.mat,TIMIT_MCAE0,M
308,data/speechCorp/TIMIT/TRAIN/DR5/MSRR0/SI501.WAV,SI501,English-US,1,1,64000,16,4,0.1455625,4,TIMIT,STM_output/MATs/speech_mat_wl4_TIMIT/SI501_MS2024.mat,TIMIT_MSRR0,M
309,data/speechCorp/TIMIT/TRAIN/DR2/MRJT0/SX58.WAV,SX58,English-US,1,1,64000,16,4,0.134875,4,TIMIT,STM_output/MATs/speech_mat_wl4_TIMIT/SX58_MS2024.mat,TIMIT_MRJT0,M
310,data/speechCorp/TIMIT/TRAIN/DR5/FBMH0/SI970.WAV,SI970,English-US,1,1,64000,16,4,0.1371875,4,TIMIT,STM_output/MATs/speech_mat_wl4_TIMIT/SI970_MS2024.mat,TIMIT_FBMH0,F
311,data/speechCorp/TIMIT/TRAIN/DR1/MWAR0/SI1045.WAV,SI1045,English-US,1,1,64000,16,4,0.2446875,4,TIMIT,STM_output/MATs/speech_mat_wl4_TIMIT/SI1045_MS2024.mat,TIMIT_MWAR0,M
312,data/speechCorp/TIMIT/TRAIN/DR5/MMAB1/SI864.WAV,SI864,English-US,1,1,64000,16,4,0.187625,4,TIMIT,STM_output/MATs/speech_mat_wl4_TIMIT/SI864_MS2024.mat,TIMIT_MMAB1,M
313,data/speechCorp/TIMIT/TRAIN/DR3/MREE0/SI1104.WAV,SI1104,English-US,1,1,64000,16,4,0.143375,4,TIMIT,STM_output/MATs/speech_mat_wl4_TIMIT/SI1104_MS2024.mat,TIMIT_MREE0,M
314,data/speechCorp/TIMIT/TRAIN/DR2/FDAS1/SI831.WAV,SI831,English-US,1,1,64000,16,4,0.163125,4,TIMIT,STM_output/MATs/speech_mat_wl4_TIMIT/SI831_MS2024.mat,TIMIT_FDAS1,F
315,data/speechCorp/TIMIT/TRAIN/DR5/MTMT0/SI488.WAV,SI488,English-US,1,1,64000,16,4,0.1400625,4,TIMIT,STM_output/MATs/speech_mat_wl4_TIMIT/SI488_MS2024.mat,TIMIT_MTMT0,M
316,data/speechCorp/TIMIT/TRAIN/DR6/MCAE0/SI817.WAV,SI817,English-US,1,1,64000,16,4,0.2474375,4,TIMIT,STM_output/MATs/speech_mat_wl4_TIMIT/SI817_MS2024.mat,TIMIT_MCAE0,M
317,data/speechCorp/TIMIT/TRAIN/DR6/FSDJ0/SI1115.WAV,SI1115,English-US,1,1,64000,16,4,0.2265625,4,TIMIT,STM_output/MATs/speech_mat_wl4_TIMIT/SI1115_MS2024.mat,TIMIT_FSDJ0,F
318,data/speechCorp/TIMIT/TRAIN/DR2/MJPM0/SI1368.WAV,SI1368,English-US,1,1,64000,16,4,0.2625625,4,TIMIT,STM_output/MATs/speech_mat_wl4_TIMIT/SI1368_MS2024.mat,TIMIT_MJPM0,M
319,data/speechCorp/TIMIT/TRAIN/DR7/MGAK0/SI1036.WAV,SI1036,English-US,1,1,64000,16,4,0.1933125,4,TIMIT,STM_output/MATs/speech_mat_wl4_TIMIT/SI1036_MS2024.mat,TIMIT_MGAK0,M
320,data/speechCorp/TIMIT/TRAIN/DR3/MILB0/SI903.WAV,SI903,English-US,1,1,64000,16,4,0.1350625,4,TIMIT,STM_output/MATs/speech_mat_wl4_TIMIT/SI903_MS2024.mat,TIMIT_MILB0,M
321,data/speechCorp/TIMIT/TRAIN/DR3/FEME0/SI875.WAV,SI875,English-US,1,1,64000,16,4,0.3490625,4,TIMIT,STM_output/MATs/speech_mat_wl4_TIMIT/SI875_MS2024.mat,TIMIT_FEME0,F
322,data/speechCorp/TIMIT/TRAIN/DR3/MCEF0/SI842.WAV,SI842,English-US,1,1,64000,16,4,0.1654375,4,TIMIT,STM_output/MATs/speech_mat_wl4_TIMIT/SI842_MS2024.mat,TIMIT_MCEF0,M
323,data/speechCorp/TIMIT/TRAIN/DR8/MRLK0/SI1468.WAV,SI1468,English-US,1,1,64000,16,4,0.1363125,4,TIMIT,STM_output/MATs/speech_mat_wl4_TIMIT/SI1468_MS2024.mat,TIMIT_MRLK0,M
324,data/speechCorp/TIMIT/TRAIN/DR2/FMJB0/SI1177.WAV,SI1177,English-US,1,1,64000,16,4,0.2175,4,TIMIT,STM_output/MATs/speech_mat_wl4_TIMIT/SI1177_MS2024.mat,TIMIT_FMJB0,F
325,data/speechCorp/TIMIT/TRAIN/DR5/FLMK0/SI1229.WAV,SI1229,English-US,1,1,64000,16,4,0.141,4,TIMIT,STM_output/MATs/speech_mat_wl4_TIMIT/SI1229_MS2024.mat,TIMIT_FLMK0,F
326,data/speechCorp/TIMIT/TRAIN/DR6/MAJP0/SX174.WAV,SX174,English-US,1,1,64000,16,4,0.53125,4,TIMIT,STM_output/MATs/speech_mat_wl4_TIMIT/SX174_MS2024.mat,TIMIT_MAJP0,M
327,data/speechCorp/TIMIT/TRAIN/DR4/FPAF0/SI1054.WAV,SI1054,English-US,1,1,64000,16,4,0.3180625,4,TIMIT,STM_output/MATs/speech_mat_wl4_TIMIT/SI1054_MS2024.mat,TIMIT_FPAF0,F
328,data/speechCorp/TIMIT/TRAIN/DR1/MRAI0/SI792.WAV,SI792,English-US,1,1,64000,16,4,0.1876875,4,TIMIT,STM_output/MATs/speech_mat_wl4_TIMIT/SI792_MS2024.mat,TIMIT_MRAI0,M
329,data/speechCorp/TIMIT/TRAIN/DR6/FAPB0/SI1063.WAV,SI1063,English-US,1,1,64000,16,4,0.2040625,4,TIMIT,STM_output/MATs/speech_mat_wl4_TIMIT/SI1063_MS2024.mat,TIMIT_FAPB0,F
330,data/speechCorp/TIMIT/TRAIN/DR3/FNTB0/SI679.WAV,SI679,English-US,1,1,64000,16,4,0.3235625,4,TIMIT,STM_output/MATs/speech_mat_wl4_TIMIT/SI679_MS2024.mat,TIMIT_FNTB0,F
331,data/speechCorp/TIMIT/TRAIN/DR4/FBAS0/SI2066.WAV,SI2066,English-US,1,1,64000,16,4,0.1716875,4,TIMIT,STM_output/MATs/speech_mat_wl4_TIMIT/SI2066_MS2024.mat,TIMIT_FBAS0,F
332,data/speechCorp/TIMIT/TRAIN/DR3/MKXL0/SI1958.WAV,SI1958,English-US,1,1,64000,16,4,0.15975,4,TIMIT,STM_output/MATs/speech_mat_wl4_TIMIT/SI1958_MS2024.mat,TIMIT_MKXL0,M
333,data/speechCorp/TIMIT/TRAIN/DR7/FBLV0/SI1688.WAV,SI1688,English-US,1,1,64000,16,4,0.1864375,4,TIMIT,STM_output/MATs/speech_mat_wl4_TIMIT/SI1688_MS2024.mat,TIMIT_FBLV0,F
334,data/speechCorp/TIMIT/TRAIN/DR1/MEDR0/SI2004.WAV,SI2004,English-US,1,1,64000,16,4,0.1424375,4,TIMIT,STM_output/MATs/speech_mat_wl4_TIMIT/SI2004_MS2024.mat,TIMIT_MEDR0,M
335,data/speechCorp/TIMIT/TRAIN/DR2/MDWD0/SI1260.WAV,SI1260,English-US,1,1,64000,16,4,0.166625,4,TIMIT,STM_output/MATs/speech_mat_wl4_TIMIT/SI1260_MS2024.mat,TIMIT_MDWD0,M
336,data/speechCorp/TIMIT/TRAIN/DR8/FKLH0/SI1257.WAV,SI1257,English-US,1,1,64000,16,4,0.17375,4,TIMIT,STM_output/MATs/speech_mat_wl4_TIMIT/SI1257_MS2024.mat,TIMIT_FKLH0,F
337,data/speechCorp/TIMIT/TRAIN/DR5/MRML0/SI1421.WAV,SI1421,English-US,1,1,64000,16,4,0.32925,4,TIMIT,STM_output/MATs/speech_mat_wl4_TIMIT/SI1421_MS2024.mat,TIMIT_MRML0,M
338,data/speechCorp/TIMIT/TRAIN/DR4/FDKN0/SI1202.WAV,SI1202,English-US,1,1,64000,16,4,0.156875,4,TIMIT,STM_output/MATs/speech_mat_wl4_TIMIT/SI1202_MS2024.mat,TIMIT_FDKN0,F
339,data/speechCorp/TIMIT/TRAIN/DR4/FLKM0/SX440.WAV,SX440,English-US,1,1,64000,16,4,0.1679375,4,TIMIT,STM_output/MATs/speech_mat_wl4_TIMIT/SX440_MS2024.mat,TIMIT_FLKM0,F
340,data/speechCorp/TIMIT/TRAIN/DR6/FKLC1/SI1048.WAV,SI1048,English-US,1,1,64000,16,4,0.366,4,TIMIT,STM_output/MATs/speech_mat_wl4_TIMIT/SI1048_MS2024.mat,TIMIT_FKLC1,F
341,data/speechCorp/TIMIT/TRAIN/DR7/MKAG0/SI1609.WAV,SI1609,English-US,1,1,64000,16,4,0.2178125,4,TIMIT,STM_output/MATs/speech_mat_wl4_TIMIT/SI1609_MS2024.mat,TIMIT_MKAG0,M
342,data/speechCorp/TIMIT/TRAIN/DR7/MWRP0/SI1443.WAV,SI1443,English-US,1,1,64000,16,4,0.212375,4,TIMIT,STM_output/MATs/speech_mat_wl4_TIMIT/SI1443_MS2024.mat,TIMIT_MWRP0,M
343,data/speechCorp/TIMIT/TRAIN/DR5/MDWH0/SI665.WAV,SI665,English-US,1,1,64000,16,4,0.1398125,4,TIMIT,STM_output/MATs/speech_mat_wl4_TIMIT/SI665_MS2024.mat,TIMIT_MDWH0,M
344,data/speechCorp/TIMIT/TRAIN/DR7/MTPR0/SI2230.WAV,SI2230,English-US,1,1,64000,16,4,0.173,4,TIMIT,STM_output/MATs/speech_mat_wl4_TIMIT/SI2230_MS2024.mat,TIMIT_MTPR0,M
345,data/speechCorp/TIMIT/TRAIN/DR2/MTDB0/SI771.WAV,SI771,English-US,1,1,64000,16,4,0.1675625,4,TIMIT,STM_output/MATs/speech_mat_wl4_TIMIT/SI771_MS2024.mat,TIMIT_MTDB0,M
346,data/speechCorp/TIMIT/TRAIN/DR2/FSKL0/SI2159.WAV,SI2159,English-US,1,1,64000,16,4,0.35525,4,TIMIT,STM_output/MATs/speech_mat_wl4_TIMIT/SI2159_MS2024.mat,TIMIT_FSKL0,F
347,data/speechCorp/TIMIT/TRAIN/DR5/MSAS0/SI746.WAV,SI746,English-US,1,1,64000,16,4,0.201375,4,TIMIT,STM_output/MATs/speech_mat_wl4_TIMIT/SI746_MS2024.mat,TIMIT_MSAS0,M
348,data/speechCorp/TIMIT/TRAIN/DR7/MTMN0/SI2324.WAV,SI2324,English-US,1,1,64000,16,4,0.1465625,4,TIMIT,STM_output/MATs/speech_mat_wl4_TIMIT/SI2324_MS2024.mat,TIMIT_MTMN0,M
349,data/speechCorp/TIMIT/TRAIN/DR7/MTKD0/SI630.WAV,SI630,English-US,1,1,64000,16,4,0.224375,4,TIMIT,STM_output/MATs/speech_mat_wl4_TIMIT/SI630_MS2024.mat,TIMIT_MTKD0,M
350,data/speechCorp/TIMIT/TRAIN/DR7/MMDG0/SI1780.WAV,SI1780,English-US,1,1,64000,16,4,0.1665,4,TIMIT,STM_output/MATs/speech_mat_wl4_TIMIT/SI1780_MS2024.mat,TIMIT_MMDG0,M
351,data/speechCorp/TIMIT/TRAIN/DR7/FPAC0/SI1921.WAV,SI1921,English-US,1,1,64000,16,4,0.1610625,4,TIMIT,STM_output/MATs/speech_mat_wl4_TIMIT/SI1921_MS2024.mat,TIMIT_FPAC0,F
352,data/speechCorp/TIMIT/TRAIN/DR4/FKLC0/SI985.WAV,SI985,English-US,1,1,64000,16,4,0.1365,4,TIMIT,STM_output/MATs/speech_mat_wl4_TIMIT/SI985_MS2024.mat,TIMIT_FKLC0,F
353,data/speechCorp/TIMIT/TRAIN/DR6/FAPB0/SI2323.WAV,SI2323,English-US,1,1,64000,16,4,0.147,4,TIMIT,STM_output/MATs/speech_mat_wl4_TIMIT/SI2323_MS2024.mat,TIMIT_FAPB0,F
354,data/speechCorp/TIMIT/TRAIN/DR2/MRCW0/SI741.WAV,SI741,English-US,1,1,64000,16,4,0.1353125,4,TIMIT,STM_output/MATs/speech_mat_wl4_TIMIT/SI741_MS2024.mat,TIMIT_MRCW0,M
355,data/speechCorp/TIMIT/TRAIN/DR4/MGXP0/SI1087.WAV,SI1087,English-US,1,1,64000,16,4,0.182875,4,TIMIT,STM_output/MATs/speech_mat_wl4_TIMIT/SI1087_MS2024.mat,TIMIT_MGXP0,M
356,data/speechCorp/TIMIT/TRAIN/DR5/FDMY0/SI714.WAV,SI714,English-US,1,1,64000,16,4,0.1881875,4,TIMIT,STM_output/MATs/speech_mat_wl4_TIMIT/SI714_MS2024.mat,TIMIT_FDMY0,F
357,data/speechCorp/TIMIT/TRAIN/DR4/MPEB0/SI600.WAV,SI600,English-US,1,1,64000,16,4,0.1396875,4,TIMIT,STM_output/MATs/speech_mat_wl4_TIMIT/SI600_MS2024.mat,TIMIT_MPEB0,M
358,data/speechCorp/TIMIT/TRAIN/DR5/MRKM0/SI637.WAV,SI637,English-US,1,1,64000,16,4,0.260625,4,TIMIT,STM_output/MATs/speech_mat_wl4_TIMIT/SI637_MS2024.mat,TIMIT_MRKM0,M
359,data/speechCorp/TIMIT/TRAIN/DR4/MAEB0/SI1411.WAV,SI1411,English-US,1,1,64000,16,4,0.14325,4,TIMIT,STM_output/MATs/speech_mat_wl4_TIMIT/SI1411_MS2024.mat,TIMIT_MAEB0,M
360,data/speechCorp/TIMIT/TRAIN/DR5/MWSH0/SI1426.WAV,SI1426,English-US,1,1,64000,16,4,0.3169375,4,TIMIT,STM_output/MATs/speech_mat_wl4_TIMIT/SI1426_MS2024.mat,TIMIT_MWSH0,M
361,data/speechCorp/TIMIT/TRAIN/DR5/FEXM0/SI482.WAV,SI482,English-US,1,1,64000,16,4,0.1559375,4,TIMIT,STM_output/MATs/speech_mat_wl4_TIMIT/SI482_MS2024.mat,TIMIT_FEXM0,F
362,data/speechCorp/TIMIT/TRAIN/DR5/MMVP0/SX347.WAV,SX347,English-US,1,1,64000,16,4,0.146625,4,TIMIT,STM_output/MATs/speech_mat_wl4_TIMIT/SX347_MS2024.mat,TIMIT_MMVP0,M
363,data/speechCorp/TIMIT/TRAIN/DR5/MRKM0/SI1267.WAV,SI1267,English-US,1,1,64000,16,4,0.387125,4,TIMIT,STM_output/MATs/speech_mat_wl4_TIMIT/SI1267_MS2024.mat,TIMIT_MRKM0,M
364,data/speechCorp/TIMIT/TRAIN/DR4/MKAM0/SI1250.WAV,SI1250,English-US,1,1,64000,16,4,0.1480625,4,TIMIT,STM_output/MATs/speech_mat_wl4_TIMIT/SI1250_MS2024.mat,TIMIT_MKAM0,M
365,data/speechCorp/TIMIT/TRAIN/DR1/MTRR0/SI918.WAV,SI918,English-US,1,1,64000,16,4,0.1361875,4,TIMIT,STM_output/MATs/speech_mat_wl4_TIMIT/SI918_MS2024.mat,TIMIT_MTRR0,M
366,data/speechCorp/TIMIT/TRAIN/DR4/MMDM0/SI1311.WAV,SI1311,English-US,1,1,64000,16,4,0.264375,4,TIMIT,STM_output/MATs/speech_mat_wl4_TIMIT/SI1311_MS2024.mat,TIMIT_MMDM0,M
367,data/speechCorp/TIMIT/TRAIN/DR7/MAEO0/SI1326.WAV,SI1326,English-US,1,1,64000,16,4,0.144125,4,TIMIT,STM_output/MATs/speech_mat_wl4_TIMIT/SI1326_MS2024.mat,TIMIT_MAEO0,M
368,data/speechCorp/TIMIT/TRAIN/DR8/MKDD0/SI1567.WAV,SI1567,English-US,1,1,64000,16,4,0.309125,4,TIMIT,STM_output/MATs/speech_mat_wl4_TIMIT/SI1567_MS2024.mat,TIMIT_MKDD0,M
369,data/speechCorp/TIMIT/TRAIN/DR5/FLJA0/SI1078.WAV,SI1078,English-US,1,1,64000,16,4,0.5385,4,TIMIT,STM_output/MATs/speech_mat_wl4_TIMIT/SI1078_MS2024.mat,TIMIT_FLJA0,F
370,data/speechCorp/TIMIT/TRAIN/DR8/FJRB0/SX312.WAV,SX312,English-US,1,1,64000,16,4,0.356875,4,TIMIT,STM_output/MATs/speech_mat_wl4_TIMIT/SX312_MS2024.mat,TIMIT_FJRB0,F
371,data/speechCorp/TIMIT/TRAIN/DR3/MRTJ0/SX52.WAV,SX52,English-US,1,1,64000,16,4,0.2808125,4,TIMIT,STM_output/MATs/speech_mat_wl4_TIMIT/SX52_MS2024.mat,TIMIT_MRTJ0,M
372,data/speechCorp/TIMIT/TRAIN/DR5/MVLO0/SI517.WAV,SI517,English-US,1,1,64000,16,4,0.2143125,4,TIMIT,STM_output/MATs/speech_mat_wl4_TIMIT/SI517_MS2024.mat,TIMIT_MVLO0,M
373,data/speechCorp/TIMIT/TRAIN/DR5/MMWB0/SI2249.WAV,SI2249,English-US,1,1,64000,16,4,0.1453125,4,TIMIT,STM_output/MATs/speech_mat_wl4_TIMIT/SI2249_MS2024.mat,TIMIT_MMWB0,M
374,data/speechCorp/TIMIT/TRAIN/DR4/MPRK0/SX287.WAV,SX287,English-US,1,1,64000,16,4,0.6415625,4,TIMIT,STM_output/MATs/speech_mat_wl4_TIMIT/SX287_MS2024.mat,TIMIT_MPRK0,M
375,data/speechCorp/TIMIT/TRAIN/DR2/MPRB0/SI575.WAV,SI575,English-US,1,1,64000,16,4,0.161,4,TIMIT,STM_output/MATs/speech_mat_wl4_TIMIT/SI575_MS2024.mat,TIMIT_MPRB0,M
376,data/speechCorp/TIMIT/TRAIN/DR2/MRJH0/SI1519.WAV,SI1519,English-US,1,1,64000,16,4,0.33175,4,TIMIT,STM_output/MATs/speech_mat_wl4_TIMIT/SI1519_MS2024.mat,TIMIT_MRJH0,M
377,data/speechCorp/TIMIT/TRAIN/DR5/MSEM1/SI810.WAV,SI810,English-US,1,1,64000,16,4,0.1358125,4,TIMIT,STM_output/MATs/speech_mat_wl4_TIMIT/SI810_MS2024.mat,TIMIT_MSEM1,M
378,data/speechCorp/TIMIT/TRAIN/DR3/MRTC0/SI1458.WAV,SI1458,English-US,1,1,64000,16,4,0.1345,4,TIMIT,STM_output/MATs/speech_mat_wl4_TIMIT/SI1458_MS2024.mat,TIMIT_MRTC0,M
379,data/speechCorp/TIMIT/TRAIN/DR2/MMAA0/SI845.WAV,SI845,English-US,1,1,64000,16,4,0.1460625,4,TIMIT,STM_output/MATs/speech_mat_wl4_TIMIT/SI845_MS2024.mat,TIMIT_MMAA0,M
380,data/speechCorp/TIMIT/TRAIN/DR4/MRFL0/SI1156.WAV,SI1156,English-US,1,1,64000,16,4,0.1434375,4,TIMIT,STM_output/MATs/speech_mat_wl4_TIMIT/SI1156_MS2024.mat,TIMIT_MRFL0,M
381,data/speechCorp/TIMIT/TRAIN/DR5/FSJG0/SI940.WAV,SI940,English-US,1,1,64000,16,4,0.2144375,4,TIMIT,STM_output/MATs/speech_mat_wl4_TIMIT/SI940_MS2024.mat,TIMIT_FSJG0,F
382,data/speechCorp/TIMIT/TRAIN/DR6/FHXS0/SI1075.WAV,SI1075,English-US,1,1,64000,16,4,0.630625,4,TIMIT,STM_output/MATs/speech_mat_wl4_TIMIT/SI1075_MS2024.mat,TIMIT_FHXS0,F
383,data/speechCorp/TIMIT/TRAIN/DR5/FMPG0/SX162.WAV,SX162,English-US,1,1,64000,16,4,0.47575,4,TIMIT,STM_output/MATs/speech_mat_wl4_TIMIT/SX162_MS2024.mat,TIMIT_FMPG0,F
384,data/speechCorp/TIMIT/TRAIN/DR1/FVMH0/SI836.WAV,SI836,English-US,1,1,64000,16,4,0.2686875,4,TIMIT,STM_output/MATs/speech_mat_wl4_TIMIT/SI836_MS2024.mat,TIMIT_FVMH0,F
385,data/speechCorp/TIMIT/TRAIN/DR3/MTLB0/SI1134.WAV,SI1134,English-US,1,1,64000,16,4,0.146,4,TIMIT,STM_output/MATs/speech_mat_wl4_TIMIT/SI1134_MS2024.mat,TIMIT_MTLB0,M
386,data/speechCorp/TIMIT/TRAIN/DR3/MPRD0/SI801.WAV,SI801,English-US,1,1,64000,16,4,0.970375,4,TIMIT,STM_output/MATs/speech_mat_wl4_TIMIT/SI801_MS2024.mat,TIMIT_MPRD0,M
387,data/speechCorp/TIMIT/TRAIN/DR7/MCLK0/SI2290.WAV,SI2290,English-US,1,1,64000,16,4,0.167,4,TIMIT,STM_output/MATs/speech_mat_wl4_TIMIT/SI2290_MS2024.mat,TIMIT_MCLK0,M
388,data/speechCorp/TIMIT/TRAIN/DR3/MTPP0/SI1508.WAV,SI1508,English-US,1,1,64000,16,4,0.1755,4,TIMIT,STM_output/MATs/speech_mat_wl4_TIMIT/SI1508_MS2024.mat,TIMIT_MTPP0,M
389,data/speechCorp/TIMIT/TRAIN/DR5/FBJL0/SI922.WAV,SI922,English-US,1,1,64000,16,4,0.1384375,4,TIMIT,STM_output/MATs/speech_mat_wl4_TIMIT/SI922_MS2024.mat,TIMIT_FBJL0,F
390,data/speechCorp/TIMIT/TRAIN/DR2/MDEM0/SX428.WAV,SX428,English-US,1,1,64000,16,4,0.4918125,4,TIMIT,STM_output/MATs/speech_mat_wl4_TIMIT/SX428_MS2024.mat,TIMIT_MDEM0,M
391,data/speechCorp/TIMIT/TRAIN/DR3/MKLS1/SI915.WAV,SI915,English-US,1,1,64000,16,4,0.1826875,4,TIMIT,STM_output/MATs/speech_mat_wl4_TIMIT/SI915_MS2024.mat,TIMIT_MKLS1,M
392,data/speechCorp/TIMIT/TRAIN/DR1/MTJS0/SX382.WAV,SX382,English-US,1,1,64000,16,4,0.61325,4,TIMIT,STM_output/MATs/speech_mat_wl4_TIMIT/SX382_MS2024.mat,TIMIT_MTJS0,M
393,data/speechCorp/TIMIT/TRAIN/DR5/MPMB0/SI2131.WAV,SI2131,English-US,1,1,64000,16,4,0.316,4,TIMIT,STM_output/MATs/speech_mat_wl4_TIMIT/SI2131_MS2024.mat,TIMIT_MPMB0,M
394,data/speechCorp/TIMIT/TRAIN/DR1/MJWT0/SI1381.WAV,SI1381,English-US,1,1,64000,16,4,0.15725,4,TIMIT,STM_output/MATs/speech_mat_wl4_TIMIT/SI1381_MS2024.mat,TIMIT_MJWT0,M
395,data/speechCorp/TIMIT/TRAIN/DR3/MDLC0/SI2025.WAV,SI2025,English-US,1,1,64000,16,4,0.153,4,TIMIT,STM_output/MATs/speech_mat_wl4_TIMIT/SI2025_MS2024.mat,TIMIT_MDLC0,M
396,data/speechCorp/TIMIT/TRAIN/DR5/FGDP0/SI988.WAV,SI988,English-US,1,1,64000,16,4,0.144125,4,TIMIT,STM_output/MATs/speech_mat_wl4_TIMIT/SI988_MS2024.mat,TIMIT_FGDP0,F
397,data/speechCorp/TIMIT/TRAIN/DR4/MJDC0/SI531.WAV,SI531,English-US,1,1,64000,16,4,0.3746875,4,TIMIT,STM_output/MATs/speech_mat_wl4_TIMIT/SI531_MS2024.mat,TIMIT_MJDC0,M
398,data/speechCorp/TIMIT/TRAIN/DR5/MSEM1/SI2070.WAV,SI2070,English-US,1,1,64000,16,4,0.1369375,4,TIMIT,STM_output/MATs/speech_mat_wl4_TIMIT/SI2070_MS2024.mat,TIMIT_MSEM1,M
399,data/speechCorp/TIMIT/TRAIN/DR3/FALK0/SI658.WAV,SI658,English-US,1,1,64000,16,4,0.2408125,4,TIMIT,STM_output/MATs/speech_mat_wl4_TIMIT/SI658_MS2024.mat,TIMIT_FALK0,F
400,data/speechCorp/TIMIT/TRAIN/DR6/FSGF0/SI2187.WAV,SI2187,English-US,1,1,64000,16,4,0.2145625,4,TIMIT,STM_output/MATs/speech_mat_wl4_TIMIT/SI2187_MS2024.mat,TIMIT_FSGF0,F
401,data/speechCorp/TIMIT/TRAIN/DR2/MTAT1/SX149.WAV,SX149,English-US,1,1,64000,16,4,0.2280625,4,TIMIT,STM_output/MATs/speech_mat_wl4_TIMIT/SX149_MS2024.mat,TIMIT_MTAT1,M
402,data/speechCorp/TIMIT/TRAIN/DR5/MEGJ0/SI1337.WAV,SI1337,English-US,1,1,64000,16,4,0.1873125,4,TIMIT,STM_output/MATs/speech_mat_wl4_TIMIT/SI1337_MS2024.mat,TIMIT_MEGJ0,M
403,data/speechCorp/TIMIT/TRAIN/DR3/MDJM0/SI1455.WAV,SI1455,English-US,1,1,64000,16,4,0.1210625,4,TIMIT,STM_output/MATs/speech_mat_wl4_TIMIT/SI1455_MS2024.mat,TIMIT_MDJM0,M
404,data/speechCorp/TIMIT/TRAIN/DR2/MJDE0/SX220.WAV,SX220,English-US,1,1,64000,16,4,0.1645,4,TIMIT,STM_output/MATs/speech_mat_wl4_TIMIT/SX220_MS2024.mat,TIMIT_MJDE0,M
405,data/speechCorp/TIMIT/TRAIN/DR5/MDSJ0/SI1462.WAV,SI1462,English-US,1,1,64000,16,4,0.1608125,4,TIMIT,STM_output/MATs/speech_mat_wl4_TIMIT/SI1462_MS2024.mat,TIMIT_MDSJ0,M
406,data/speechCorp/TIMIT/TRAIN/DR4/MRAB1/SI848.WAV,SI848,English-US,1,1,64000,16,4,0.1373125,4,TIMIT,STM_output/MATs/speech_mat_wl4_TIMIT/SI848_MS2024.mat,TIMIT_MRAB1,M
407,data/speechCorp/TIMIT/TRAIN/DR4/FSAK0/SI1300.WAV,SI1300,English-US,1,1,64000,16,4,0.1329375,4,TIMIT,STM_output/MATs/speech_mat_wl4_TIMIT/SI1300_MS2024.mat,TIMIT_FSAK0,F
408,data/speechCorp/TIMIT/TRAIN/DR7/FSPM0/SI1241.WAV,SI1241,English-US,1,1,64000,16,4,0.4325625,4,TIMIT,STM_output/MATs/speech_mat_wl4_TIMIT/SI1241_MS2024.mat,TIMIT_FSPM0,F
409,data/speechCorp/TIMIT/TRAIN/DR1/MKLS0/SI1437.WAV,SI1437,English-US,1,1,64000,16,4,0.2748125,4,TIMIT,STM_output/MATs/speech_mat_wl4_TIMIT/SI1437_MS2024.mat,TIMIT_MKLS0,M
410,data/speechCorp/TIMIT/TRAIN/DR6/MESJ0/SI2039.WAV,SI2039,English-US,1,1,64000,16,4,0.4470625,4,TIMIT,STM_output/MATs/speech_mat_wl4_TIMIT/SI2039_MS2024.mat,TIMIT_MESJ0,M
411,data/speechCorp/TIMIT/TRAIN/DR2/FSCN0/SI705.WAV,SI705,English-US,1,1,64000,16,4,0.4080625,4,TIMIT,STM_output/MATs/speech_mat_wl4_TIMIT/SI705_MS2024.mat,TIMIT_FSCN0,F
412,data/speechCorp/TIMIT/TRAIN/DR6/MJRK0/SI880.WAV,SI880,English-US,1,1,64000,16,4,0.142,4,TIMIT,STM_output/MATs/speech_mat_wl4_TIMIT/SI880_MS2024.mat,TIMIT_MJRK0,M
413,data/speechCorp/TIMIT/TRAIN/DR1/MCPM0/SI1824.WAV,SI1824,English-US,1,1,64000,16,4,0.15225,4,TIMIT,STM_output/MATs/speech_mat_wl4_TIMIT/SI1824_MS2024.mat,TIMIT_MCPM0,M
414,data/speechCorp/TIMIT/TRAIN/DR4/FDKN0/SX181.WAV,SX181,English-US,1,1,64000,16,4,0.120875,4,TIMIT,STM_output/MATs/speech_mat_wl4_TIMIT/SX181_MS2024.mat,TIMIT_FDKN0,F
415,data/speechCorp/TIMIT/TRAIN/DR6/MTJU0/SI2020.WAV,SI2020,English-US,1,1,64000,16,4,0.098125,4,TIMIT,STM_output/MATs/speech_mat_wl4_TIMIT/SI2020_MS2024.mat,TIMIT_MTJU0,M
416,data/speechCorp/TIMIT/TRAIN/DR2/MDEM0/SI608.WAV,SI608,English-US,1,1,64000,16,4,0.708875,4,TIMIT,STM_output/MATs/speech_mat_wl4_TIMIT/SI608_MS2024.mat,TIMIT_MDEM0,M
417,data/speechCorp/TIMIT/TRAIN/DR5/FCDR1/SI556.WAV,SI556,English-US,1,1,64000,16,4,0.1724375,4,TIMIT,STM_output/MATs/speech_mat_wl4_TIMIT/SI556_MS2024.mat,TIMIT_FCDR1,F
418,data/speechCorp/TIMIT/TRAIN/DR5/FKKH0/SI1290.WAV,SI1290,English-US,1,1,64000,16,4,0.1413125,4,TIMIT,STM_output/MATs/speech_mat_wl4_TIMIT/SI1290_MS2024.mat,TIMIT_FKKH0,F
419,data/speechCorp/TIMIT/TRAIN/DR5/FDMY0/SX387.WAV,SX387,English-US,1,1,64000,16,4,0.1359375,4,TIMIT,STM_output/MATs/speech_mat_wl4_TIMIT/SX387_MS2024.mat,TIMIT_FDMY0,F
420,data/speechCorp/TIMIT/TRAIN/DR3/MJRH1/SI1558.WAV,SI1558,English-US,1,1,64000,16,4,0.236125,4,TIMIT,STM_output/MATs/speech_mat_wl4_TIMIT/SI1558_MS2024.mat,TIMIT_MJRH1,M
421,data/speechCorp/TIMIT/TRAIN/DR5/FMPG0/SI972.WAV,SI972,English-US,1,1,64000,16,4,0.2584375,4,TIMIT,STM_output/MATs/speech_mat_wl4_TIMIT/SI972_MS2024.mat,TIMIT_FMPG0,F
422,data/speechCorp/TIMIT/TRAIN/DR5/MEGJ0/SX167.WAV,SX167,English-US,1,1,64000,16,4,0.154875,4,TIMIT,STM_output/MATs/speech_mat_wl4_TIMIT/SX167_MS2024.mat,TIMIT_MEGJ0,M
423,data/speechCorp/TIMIT/TRAIN/DR4/FSSB0/SI1712.WAV,SI1712,English-US,1,1,64000,16,4,0.1349375,4,TIMIT,STM_output/MATs/speech_mat_wl4_TIMIT/SI1712_MS2024.mat,TIMIT_FSSB0,F
424,data/speechCorp/TIMIT/TRAIN/DR7/MHBS0/SI945.WAV,SI945,English-US,1,1,64000,16,4,0.1441875,4,TIMIT,STM_output/MATs/speech_mat_wl4_TIMIT/SI945_MS2024.mat,TIMIT_MHBS0,M
425,data/speechCorp/TIMIT/TRAIN/DR7/MDPB0/SI866.WAV,SI866,English-US,1,1,64000,16,4,0.2856875,4,TIMIT,STM_output/MATs/speech_mat_wl4_TIMIT/SI866_MS2024.mat,TIMIT_MDPB0,M
426,data/speechCorp/TIMIT/TRAIN/DR5/FPMY0/SI1153.WAV,SI1153,English-US,1,1,64000,16,4,0.1791875,4,TIMIT,STM_output/MATs/speech_mat_wl4_TIMIT/SI1153_MS2024.mat,TIMIT_FPMY0,F
427,data/speechCorp/TIMIT/TRAIN/DR7/MPFU0/SI1258.WAV,SI1258,English-US,1,1,64000,16,4,0.1423125,4,TIMIT,STM_output/MATs/speech_mat_wl4_TIMIT/SI1258_MS2024.mat,TIMIT_MPFU0,M
428,data/speechCorp/TIMIT/TRAIN/DR6/FSGF0/SI927.WAV,SI927,English-US,1,1,64000,16,4,0.1893125,4,TIMIT,STM_output/MATs/speech_mat_wl4_TIMIT/SI927_MS2024.mat,TIMIT_FSGF0,F
429,data/speechCorp/TIMIT/TRAIN/DR3/MMSM0/SI1106.WAV,SI1106,English-US,1,1,64000,16,4,0.25575,4,TIMIT,STM_output/MATs/speech_mat_wl4_TIMIT/SI1106_MS2024.mat,TIMIT_MMSM0,M
430,data/speechCorp/TIMIT/TRAIN/DR3/MDDC0/SI1419.WAV,SI1419,English-US,1,1,64000,16,4,0.1414375,4,TIMIT,STM_output/MATs/speech_mat_wl4_TIMIT/SI1419_MS2024.mat,TIMIT_MDDC0,M
431,data/speechCorp/TIMIT/TRAIN/DR2/FCMM0/SI1957.WAV,SI1957,English-US,1,1,64000,16,4,0.1431875,4,TIMIT,STM_output/MATs/speech_mat_wl4_TIMIT/SI1957_MS2024.mat,TIMIT_FCMM0,F
432,data/speechCorp/TIMIT/TRAIN/DR3/MADC0/SI737.WAV,SI737,English-US,1,1,64000,16,4,0.2553125,4,TIMIT,STM_output/MATs/speech_mat_wl4_TIMIT/SI737_MS2024.mat,TIMIT_MADC0,M
433,data/speechCorp/TIMIT/TRAIN/DR1/FSAH0/SI614.WAV,SI614,English-US,1,1,64000,16,4,0.1749375,4,TIMIT,STM_output/MATs/speech_mat_wl4_TIMIT/SI614_MS2024.mat,TIMIT_FSAH0,F
434,data/speechCorp/TIMIT/TRAIN/DR3/MAKB0/SI2276.WAV,SI2276,English-US,1,1,64000,16,4,0.1328125,4,TIMIT,STM_output/MATs/speech_mat_wl4_TIMIT/SI2276_MS2024.mat,TIMIT_MAKB0,M
435,data/speechCorp/TIMIT/TRAIN/DR6/MKES0/SI623.WAV,SI623,English-US,1,1,64000,16,4,0.1435625,4,TIMIT,STM_output/MATs/speech_mat_wl4_TIMIT/SI623_MS2024.mat,TIMIT_MKES0,M
436,data/speechCorp/TIMIT/TRAIN/DR1/FSMA0/SI991.WAV,SI991,English-US,1,1,64000,16,4,0.1514375,4,TIMIT,STM_output/MATs/speech_mat_wl4_TIMIT/SI991_MS2024.mat,TIMIT_FSMA0,F
437,data/speechCorp/TIMIT/TRAIN/DR2/MDBP0/SI528.WAV,SI528,English-US,1,1,64000,16,4,0.1583125,4,TIMIT,STM_output/MATs/speech_mat_wl4_TIMIT/SI528_MS2024.mat,TIMIT_MDBP0,M
438,data/speechCorp/TIMIT/TRAIN/DR5/MJPG0/SI1821.WAV,SI1821,English-US,1,1,64000,16,4,0.453375,4,TIMIT,STM_output/MATs/speech_mat_wl4_TIMIT/SI1821_MS2024.mat,TIMIT_MJPG0,M
439,data/speechCorp/TIMIT/TRAIN/DR5/FCDR1/SI1816.WAV,SI1816,English-US,1,1,64000,16,4,0.4565625,4,TIMIT,STM_output/MATs/speech_mat_wl4_TIMIT/SI1816_MS2024.mat,TIMIT_FCDR1,F
440,data/speechCorp/TIMIT/TRAIN/DR3/FPAZ0/SI2223.WAV,SI2223,English-US,1,1,64000,16,4,0.1338125,4,TIMIT,STM_output/MATs/speech_mat_wl4_TIMIT/SI2223_MS2024.mat,TIMIT_FPAZ0,F
441,data/speechCorp/TIMIT/TRAIN/DR1/MJEB1/SI1467.WAV,SI1467,English-US,1,1,64000,16,4,0.4846875,4,TIMIT,STM_output/MATs/speech_mat_wl4_TIMIT/SI1467_MS2024.mat,TIMIT_MJEB1,M
442,data/speechCorp/TIMIT/TRAIN/DR4/MMGC0/SI1305.WAV,SI1305,English-US,1,1,64000,16,4,0.14,4,TIMIT,STM_output/MATs/speech_mat_wl4_TIMIT/SI1305_MS2024.mat,TIMIT_MMGC0,M
443,data/speechCorp/TIMIT/TRAIN/DR6/FBCH0/SI959.WAV,SI959,English-US,1,1,64000,16,4,0.1648125,4,TIMIT,STM_output/MATs/speech_mat_wl4_TIMIT/SI959_MS2024.mat,TIMIT_FBCH0,F
444,data/speechCorp/TIMIT/TRAIN/DR5/MPMB0/SX331.WAV,SX331,English-US,1,1,64000,16,4,0.253375,4,TIMIT,STM_output/MATs/speech_mat_wl4_TIMIT/SX331_MS2024.mat,TIMIT_MPMB0,M
445,data/speechCorp/TIMIT/TRAIN/DR3/MADC0/SI1367.WAV,SI1367,English-US,1,1,64000,16,4,0.1565625,4,TIMIT,STM_output/MATs/speech_mat_wl4_TIMIT/SI1367_MS2024.mat,TIMIT_MADC0,M
446,data/speechCorp/TIMIT/TRAIN/DR4/MLSH0/SX247.WAV,SX247,English-US,1,1,64000,16,4,0.1799375,4,TIMIT,STM_output/MATs/speech_mat_wl4_TIMIT/SX247_MS2024.mat,TIMIT_MLSH0,M
447,data/speechCorp/TIMIT/TRAIN/DR7/FJRP1/SI1432.WAV,SI1432,English-US,1,1,64000,16,4,0.1545625,4,TIMIT,STM_output/MATs/speech_mat_wl4_TIMIT/SI1432_MS2024.mat,TIMIT_FJRP1,F
448,data/speechCorp/TIMIT/TRAIN/DR2/MCTM0/SI1350.WAV,SI1350,English-US,1,1,64000,16,4,0.14225,4,TIMIT,STM_output/MATs/speech_mat_wl4_TIMIT/SI1350_MS2024.mat,TIMIT_MCTM0,M
449,data/speechCorp/TIMIT/TRAIN/DR5/MWAC0/SX431.WAV,SX431,English-US,1,1,64000,16,4,0.3539375,4,TIMIT,STM_output/MATs/speech_mat_wl4_TIMIT/SX431_MS2024.mat,TIMIT_MWAC0,M
450,data/speechCorp/TIMIT/TRAIN/DR2/MDLB0/SX406.WAV,SX406,English-US,1,1,64000,16,4,0.302625,4,TIMIT,STM_output/MATs/speech_mat_wl4_TIMIT/SX406_MS2024.mat,TIMIT_MDLB0,M
451,data/speechCorp/TIMIT/TRAIN/DR7/MTMN0/SI582.WAV,SI582,English-US,1,1,64000,16,4,0.1349375,4,TIMIT,STM_output/MATs/speech_mat_wl4_TIMIT/SI582_MS2024.mat,TIMIT_MTMN0,M
452,data/speechCorp/TIMIT/TRAIN/DR4/MJMM0/SI1255.WAV,SI1255,English-US,1,1,64000,16,4,0.265875,4,TIMIT,STM_output/MATs/speech_mat_wl4_TIMIT/SI1255_MS2024.mat,TIMIT_MJMM0,M
453,data/speechCorp/TIMIT/TRAIN/DR7/FJEN0/SX417.WAV,SX417,English-US,1,1,64000,16,4,0.1871875,4,TIMIT,STM_output/MATs/speech_mat_wl4_TIMIT/SX417_MS2024.mat,TIMIT_FJEN0,F
454,data/speechCorp/TIMIT/TRAIN/DR5/FMPG0/SX342.WAV,SX342,English-US,1,1,64000,16,4,0.167,4,TIMIT,STM_output/MATs/speech_mat_wl4_TIMIT/SX342_MS2024.mat,TIMIT_FMPG0,F
455,data/speechCorp/TIMIT/TRAIN/DR5/MWEM0/SX420.WAV,SX420,English-US,1,1,64000,16,4,0.1425625,4,TIMIT,STM_output/MATs/speech_mat_wl4_TIMIT/SX420_MS2024.mat,TIMIT_MWEM0,M
456,data/speechCorp/TIMIT/TRAIN/DR5/MSAS0/SI1376.WAV,SI1376,English-US,1,1,64000,16,4,0.208,4,TIMIT,STM_output/MATs/speech_mat_wl4_TIMIT/SI1376_MS2024.mat,TIMIT_MSAS0,M
457,data/speechCorp/TIMIT/TRAIN/DR4/MRGM0/SX442.WAV,SX442,English-US,1,1,64000,16,4,0.4488125,4,TIMIT,STM_output/MATs/speech_mat_wl4_TIMIT/SX442_MS2024.mat,TIMIT_MRGM0,M
458,data/speechCorp/TIMIT/TRAIN/DR5/FSAG0/SI1323.WAV,SI1323,English-US,1,1,64000,16,4,0.1571875,4,TIMIT,STM_output/MATs/speech_mat_wl4_TIMIT/SI1323_MS2024.mat,TIMIT_FSAG0,F
459,data/speechCorp/TIMIT/TRAIN/DR4/MTQC0/SI1441.WAV,SI1441,English-US,1,1,64000,16,4,0.52875,4,TIMIT,STM_output/MATs/speech_mat_wl4_TIMIT/SI1441_MS2024.mat,TIMIT_MTQC0,M
460,data/speechCorp/TIMIT/TRAIN/DR2/MRLR0/SI1196.WAV,SI1196,English-US,1,1,64000,16,4,0.15925,4,TIMIT,STM_output/MATs/speech_mat_wl4_TIMIT/SI1196_MS2024.mat,TIMIT_MRLR0,M
461,data/speechCorp/TIMIT/TRAIN/DR7/MCLK0/SI650.WAV,SI650,English-US,1,1,64000,16,4,0.1401875,4,TIMIT,STM_output/MATs/speech_mat_wl4_TIMIT/SI650_MS2024.mat,TIMIT_MCLK0,M
462,data/speechCorp/TIMIT/TRAIN/DR2/FCYL0/SI667.WAV,SI667,English-US,1,1,64000,16,4,0.1714375,4,TIMIT,STM_output/MATs/speech_mat_wl4_TIMIT/SI667_MS2024.mat,TIMIT_FCYL0,F
463,data/speechCorp/TIMIT/TRAIN/DR5/MSDH0/SI980.WAV,SI980,English-US,1,1,64000,16,4,0.1485,4,TIMIT,STM_output/MATs/speech_mat_wl4_TIMIT/SI980_MS2024.mat,TIMIT_MSDH0,M
464,data/speechCorp/TIMIT/TRAIN/DR6/FMJU0/SI1389.WAV,SI1389,English-US,1,1,64000,16,4,0.13475,4,TIMIT,STM_output/MATs/speech_mat_wl4_TIMIT/SI1389_MS2024.mat,TIMIT_FMJU0,F
465,data/speechCorp/TIMIT/TRAIN/DR3/MSFV0/SI632.WAV,SI632,English-US,1,1,64000,16,4,0.146125,4,TIMIT,STM_output/MATs/speech_mat_wl4_TIMIT/SI632_MS2024.mat,TIMIT_MSFV0,M
466,data/speechCorp/TIMIT/TRAIN/DR2/MRGS0/SI726.WAV,SI726,English-US,1,1,64000,16,4,0.1978125,4,TIMIT,STM_output/MATs/speech_mat_wl4_TIMIT/SI726_MS2024.mat,TIMIT_MRGS0,M
467,data/speechCorp/TIMIT/TRAIN/DR2/MJDE0/SI1120.WAV,SI1120,English-US,1,1,64000,16,4,0.185625,4,TIMIT,STM_output/MATs/speech_mat_wl4_TIMIT/SI1120_MS2024.mat,TIMIT_MJDE0,M
468,data/speechCorp/TIMIT/TRAIN/DR5/MSRR0/SI1761.WAV,SI1761,English-US,1,1,64000,16,4,0.1495,4,TIMIT,STM_output/MATs/speech_mat_wl4_TIMIT/SI1761_MS2024.mat,TIMIT_MSRR0,M
469,data/speechCorp/TIMIT/TRAIN/DR2/MMAG0/SI1756.WAV,SI1756,English-US,1,1,64000,16,4,0.374375,4,TIMIT,STM_output/MATs/speech_mat_wl4_TIMIT/SI1756_MS2024.mat,TIMIT_MMAG0,M
470,data/speechCorp/TIMIT/TRAIN/DR3/FCMG0/SI1142.WAV,SI1142,English-US,1,1,64000,16,4,0.179125,4,TIMIT,STM_output/MATs/speech_mat_wl4_TIMIT/SI1142_MS2024.mat,TIMIT_FCMG0,F
471,data/speechCorp/TIMIT/TRAIN/DR6/MBMA1/SI954.WAV,SI954,English-US,1,1,64000,16,4,0.5181875,4,TIMIT,STM_output/MATs/speech_mat_wl4_TIMIT/SI954_MS2024.mat,TIMIT_MBMA1,M
472,data/speechCorp/TIMIT/TRAIN/DR2/MRLJ0/SI790.WAV,SI790,English-US,1,1,64000,16,4,0.28525,4,TIMIT,STM_output/MATs/speech_mat_wl4_TIMIT/SI790_MS2024.mat,TIMIT_MRLJ0,M
473,data/speechCorp/TIMIT/TRAIN/DR6/FPAD0/SX176.WAV,SX176,English-US,1,1,64000,16,4,0.1426875,4,TIMIT,STM_output/MATs/speech_mat_wl4_TIMIT/SX176_MS2024.mat,TIMIT_FPAD0,F
474,data/speechCorp/TIMIT/TRAIN/DR3/FPAZ0/SI963.WAV,SI963,English-US,1,1,64000,16,4,0.173125,4,TIMIT,STM_output/MATs/speech_mat_wl4_TIMIT/SI963_MS2024.mat,TIMIT_FPAZ0,F
475,data/speechCorp/TIMIT/TRAIN/DR4/MGXP0/SI525.WAV,SI525,English-US,1,1,64000,16,4,0.141,4,TIMIT,STM_output/MATs/speech_mat_wl4_TIMIT/SI525_MS2024.mat,TIMIT_MGXP0,M
476,data/speechCorp/TIMIT/TRAIN/DR6/FJDM2/SA2.WAV,SA2,English-US,1,1,64000,16,4,0.624375,4,TIMIT,STM_output/MATs/speech_mat_wl4_TIMIT/SA2_MS2024.mat,TIMIT_FJDM2,F
477,data/speechCorp/TIMIT/TRAIN/DR2/MJMA0/SI2125.WAV,SI2125,English-US,1,1,64000,16,4,0.242,4,TIMIT,STM_output/MATs/speech_mat_wl4_TIMIT/SI2125_MS2024.mat,TIMIT_MJMA0,M
478,data/speechCorp/TIMIT/TRAIN/DR3/MDLC0/SI1395.WAV,SI1395,English-US,1,1,64000,16,4,0.1409375,4,TIMIT,STM_output/MATs/speech_mat_wl4_TIMIT/SI1395_MS2024.mat,TIMIT_MDLC0,M
